date,description,amount,running_balance,currency,bank_name,account_number,sort_code,account_name
2024-01-01,HOME RENT PAYMENT,-713.99,2025.07,GBP,NIMOB,46110026,93-86-07,Main Current Account
2024-01-01,SAINSBURY STORE,-51.19,1973.88,GBP,NIMOB,46110026,93-86-07,Main Current Account
2024-01-01,TFL BUS JOURNEY,-1.75,1972.13,GBP,NIMOB,46110026,93-86-07,Main Current Account
2024-01-01,TFL BUS JOURNEY,-1.75,1970.38,GBP,NIMOB,46110026,93-86-07,Main Current Account
2024-01-02,TFL BUS JOURNEY,-1.75,1968.63,GBP,NIMOB,46110026,93-86-07,Main Current Account
2024-01-02,TFL BUS JOURNEY,-1.75,1966.88,GBP,NIMOB,46110026,93-86-07,Main Current Account
2024-01-03,FREELANCE CREDIT,202.7,2169.58,GBP,NIMOB,46110026,93-86-07,Main Current Account
2024-01-03,TESCO SUPERMARKET,-25.24,2144.34,GBP,NIMOB,46110026,93-86-07,Main Current Account
2024-01-03,TFL RAIL TRAVEL,-4.6,2139.74,GBP,NIMOB,46110026,93-86-07,Main Current Account
2024-01-05,TFL BUS JOURNEY,-1.75,2137.99,GBP,NIMOB,46110026,93-86-07,Main Current Account
2024-01-05,TFL BUS JOURNEY,-1.75,2136.24,GBP,NIMOB,46110026,93-86-07,Main Current Account
2024-01-07,NIMO ENERGY,-78.7,2057.54,GBP,NIMOB,46110026,93-86-07,Main Current Account
2024-01-07,DELIVEROO TAKEAWAY,-22.33,2035.21,GBP,NIMOB,46110026,93-86-07,Main Current Account
2024-01-07,CITY TAXI,-12.15,2023.06,GBP,NIMOB,46110026,93-86-07,Main Current Account
2024-01-08,CONTRACT PAY,765.59,2788.65,GBP,NIMOB,46110026,93-86-07,Main Current Account
2024-01-09,GYM MEMBERSHIP,-30.0,2758.65,GBP,NIMOB,46110026,93-86-07,Main Current Account
2024-01-09,TFL BUS JOURNEY,-1.75,2756.9,GBP,NIMOB,46110026,93-86-07,Main Current Account
2024-01-09,TFL BUS JOURNEY,-1.75,2755.15,GBP,NIMOB,46110026,93-86-07,Main Current Account
2024-01-10,VIDEO STREAMING,-7.99,2747.16,GBP,NIMOB,46110026,93-86-07,Main Current Account
2024-01-12,CITY DEPARTMENT STORE,-52.71,2694.45,GBP,NIMOB,46110026,93-86-07,Main Current Account
2024-01-13,CITY TAXI,-41.23,2653.22,GBP,NIMOB,46110026,93-86-07,Main Current Account
2024-01-14,ALDI GROCERIES,-25.77,2627.45,GBP,NIMOB,46110026,93-86-07,Main Current Account
2024-01-14,DELIVEROO TAKEAWAY,-19.33,2608.12,GBP,NIMOB,46110026,93-86-07,Main Current Account
2024-01-14,NEIGHBOURHOOD PUB,-41.73,2566.39,GBP,NIMOB,46110026,93-86-07,Main Current Account
2024-01-15,CITY WATER,-33.37,2533.02,GBP,NIMOB,46110026,93-86-07,Main Current Account
2024-01-15,TFL BUS JOURNEY,-1.75,2531.27,GBP,NIMOB,46110026,93-86-07,Main Current Account
2024-01-15,TFL BUS JOURNEY,-1.75,2529.52,GBP,NIMOB,46110026,93-86-07,Main Current Account
2024-01-16,FREELANCE CREDIT,643.69,3173.21,GBP,NIMOB,46110026,93-86-07,Main Current Account
2024-01-16,NEWS MEMBERSHIP,-8.5,3164.71,GBP,NIMOB,46110026,93-86-07,Main Current Account
2024-01-16,TFL RAIL TRAVEL,-4.6,3160.11,GBP,NIMOB,46110026,93-86-07,Main Current Account
2024-01-17,SAINSBURY STORE,-38.36,3121.75,GBP,NIMOB,46110026,93-86-07,Main Current Account
2024-01-17,TFL BUS JOURNEY,-1.75,3120.0,GBP,NIMOB,46110026,93-86-07,Main Current Account
2024-01-17,TFL BUS JOURNEY,-1.75,3118.25,GBP,NIMOB,46110026,93-86-07,Main Current Account
2024-01-18,TFL BUS JOURNEY,-1.75,3116.5,GBP,NIMOB,46110026,93-86-07,Main Current Account
2024-01-18,TFL BUS JOURNEY,-1.75,3114.75,GBP,NIMOB,46110026,93-86-07,Main Current Account
2024-01-19,TFL BUS JOURNEY,-1.75,3113.0,GBP,NIMOB,46110026,93-86-07,Main Current Account
2024-01-19,TFL BUS JOURNEY,-1.75,3111.25,GBP,NIMOB,46110026,93-86-07,Main Current Account
2024-01-20,BROADBAND SERVICE,-29.1,3082.15,GBP,NIMOB,46110026,93-86-07,Main Current Account
2024-01-22,MOBILE NETWORK,-19.1,3063.05,GBP,NIMOB,46110026,93-86-07,Main Current Account
2024-01-23,TFL BUS JOURNEY,-1.75,3061.3,GBP,NIMOB,46110026,93-86-07,Main Current Account
2024-01-23,TFL BUS JOURNEY,-1.75,3059.55,GBP,NIMOB,46110026,93-86-07,Main Current Account
2024-01-24,CLIENT INVOICE PAYMENT,160.02,3219.57,GBP,NIMOB,46110026,93-86-07,Main Current Account
2024-01-25,TFL BUS JOURNEY,-1.75,3217.82,GBP,NIMOB,46110026,93-86-07,Main Current Account
2024-01-25,TFL BUS JOURNEY,-1.75,3216.07,GBP,NIMOB,46110026,93-86-07,Main Current Account
2024-01-26,LOCAL CAFE,-97.75,3118.32,GBP,NIMOB,46110026,93-86-07,Main Current Account
2024-01-26,TFL RAIL TRAVEL,-9.21,3109.11,GBP,NIMOB,46110026,93-86-07,Main Current Account
2024-01-27,TESCO SUPERMARKET,-23.08,3086.03,GBP,NIMOB,46110026,93-86-07,Main Current Account
2024-01-27,ONLINE SHOP,-47.77,3038.26,GBP,NIMOB,46110026,93-86-07,Main Current Account
2024-01-29,CLIENT INVOICE PAYMENT,186.17,3224.43,GBP,NIMOB,46110026,93-86-07,Main Current Account
2024-01-29,TFL RAIL TRAVEL,-4.6,3219.83,GBP,NIMOB,46110026,93-86-07,Main Current Account
2024-01-30,TFL RAIL TRAVEL,-9.21,3210.62,GBP,NIMOB,46110026,93-86-07,Main Current Account
2024-01-31,TFL RAIL TRAVEL,-9.21,3201.41,GBP,NIMOB,46110026,93-86-07,Main Current Account
2024-02-01,HOME RENT PAYMENT,-714.96,2486.45,GBP,NIMOB,46110026,93-86-07,Main Current Account
2024-02-01,TFL BUS JOURNEY,-1.75,2484.7,GBP,NIMOB,46110026,93-86-07,Main Current Account
2024-02-01,TFL BUS JOURNEY,-1.75,2482.95,GBP,NIMOB,46110026,93-86-07,Main Current Account
2024-02-02,TESCO SUPERMARKET,-22.53,2460.42,GBP,NIMOB,46110026,93-86-07,Main Current Account
2024-02-03,LOCAL CAFE,-43.42,2417.0,GBP,NIMOB,46110026,93-86-07,Main Current Account
2024-02-05,SAINSBURY STORE,-36.04,2380.96,GBP,NIMOB,46110026,93-86-07,Main Current Account
2024-02-05,TFL RAIL TRAVEL,-3.2,2377.76,GBP,NIMOB,46110026,93-86-07,Main Current Account
2024-02-06,TFL RAIL TRAVEL,-6.41,2371.35,GBP,NIMOB,46110026,93-86-07,Main Current Account
2024-02-07,NIMO ENERGY,-76.55,2294.8,GBP,NIMOB,46110026,93-86-07,Main Current Account
2024-02-08,TFL BUS JOURNEY,-1.75,2293.05,GBP,NIMOB,46110026,93-86-07,Main Current Account
2024-02-08,TFL BUS JOURNEY,-1.75,2291.3,GBP,NIMOB,46110026,93-86-07,Main Current Account
2024-02-09,GYM MEMBERSHIP,-30.02,2261.28,GBP,NIMOB,46110026,93-86-07,Main Current Account
2024-02-10,VIDEO STREAMING,-8.0,2253.28,GBP,NIMOB,46110026,93-86-07,Main Current Account
2024-02-12,TFL BUS JOURNEY,-1.75,2251.53,GBP,NIMOB,46110026,93-86-07,Main Current Account
2024-02-12,TFL BUS JOURNEY,-1.75,2249.78,GBP,NIMOB,46110026,93-86-07,Main Current Account
2024-02-13,TFL BUS JOURNEY,-1.75,2248.03,GBP,NIMOB,46110026,93-86-07,Main Current Account
2024-02-13,TFL BUS JOURNEY,-1.75,2246.28,GBP,NIMOB,46110026,93-86-07,Main Current Account
2024-02-14,TFL BUS JOURNEY,-1.75,2244.53,GBP,NIMOB,46110026,93-86-07,Main Current Account
2024-02-14,TFL BUS JOURNEY,-1.75,2242.78,GBP,NIMOB,46110026,93-86-07,Main Current Account
2024-02-15,CITY WATER,-32.63,2210.15,GBP,NIMOB,46110026,93-86-07,Main Current Account
2024-02-16,NEWS MEMBERSHIP,-8.51,2201.64,GBP,NIMOB,46110026,93-86-07,Main Current Account
2024-02-16,CITY RESTAURANT,-9.36,2192.28,GBP,NIMOB,46110026,93-86-07,Main Current Account
2024-02-16,TFL BUS JOURNEY,-1.75,2190.53,GBP,NIMOB,46110026,93-86-07,Main Current Account
2024-02-16,TFL BUS JOURNEY,-1.75,2188.78,GBP,NIMOB,46110026,93-86-07,Main Current Account
2024-02-18,ALDI GROCERIES,-15.09,2173.69,GBP,NIMOB,46110026,93-86-07,Main Current Account
2024-02-19,TFL BUS JOURNEY,-1.75,2171.94,GBP,NIMOB,46110026,93-86-07,Main Current Account
2024-02-19,TFL BUS JOURNEY,-1.75,2170.19,GBP,NIMOB,46110026,93-86-07,Main Current Account
2024-02-20,BROADBAND SERVICE,-25.05,2145.14,GBP,NIMOB,46110026,93-86-07,Main Current Account
2024-02-20,TFL BUS JOURNEY,-1.75,2143.39,GBP,NIMOB,46110026,93-86-07,Main Current Account
2024-02-20,TFL BUS JOURNEY,-1.75,2141.64,GBP,NIMOB,46110026,93-86-07,Main Current Account
2024-02-21,TFL RAIL TRAVEL,-4.61,2137.03,GBP,NIMOB,46110026,93-86-07,Main Current Account
2024-02-22,MOBILE NETWORK,-21.63,2115.4,GBP,NIMOB,46110026,93-86-07,Main Current Account
2024-02-22,TFL RAIL TRAVEL,-4.61,2110.79,GBP,NIMOB,46110026,93-86-07,Main Current Account
2024-02-24,SAINSBURY STORE,-30.27,2080.52,GBP,NIMOB,46110026,93-86-07,Main Current Account
2024-02-26,FREELANCE CREDIT,511.81,2592.33,GBP,NIMOB,46110026,93-86-07,Main Current Account
2024-02-26,TFL BUS JOURNEY,-1.75,2590.58,GBP,NIMOB,46110026,93-86-07,Main Current Account
2024-02-26,TFL BUS JOURNEY,-1.75,2588.83,GBP,NIMOB,46110026,93-86-07,Main Current Account
2024-02-27,TRANSFER TO SAVINGS,-563.01,2025.82,GBP,NIMOB,46110026,93-86-07,Main Current Account
2024-02-28,TESCO SUPERMARKET,-35.07,1990.75,GBP,NIMOB,46110026,93-86-07,Main Current Account
2024-03-01,HOME RENT PAYMENT,-715.88,1274.87,GBP,NIMOB,46110026,93-86-07,Main Current Account
2024-03-04,TFL BUS JOURNEY,-1.75,1273.12,GBP,NIMOB,46110026,93-86-07,Main Current Account
2024-03-04,TFL BUS JOURNEY,-1.75,1271.37,GBP,NIMOB,46110026,93-86-07,Main Current Account
2024-03-06,TFL RAIL TRAVEL,-3.21,1268.16,GBP,NIMOB,46110026,93-86-07,Main Current Account
2024-03-07,NIMO ENERGY,-65.68,1202.48,GBP,NIMOB,46110026,93-86-07,Main Current Account
2024-03-08,ALDI GROCERIES,-26.75,1175.73,GBP,NIMOB,46110026,93-86-07,Main Current Account
2024-03-08,ALDI GROCERIES,-31.14,1144.59,GBP,NIMOB,46110026,93-86-07,Main Current Account
2024-03-09,GYM MEMBERSHIP,-30.04,1114.55,GBP,NIMOB,46110026,93-86-07,Main Current Account
2024-03-10,VIDEO STREAMING,-8.0,1106.55,GBP,NIMOB,46110026,93-86-07,Main Current Account
2024-03-11,TFL BUS JOURNEY,-1.75,1104.8,GBP,NIMOB,46110026,93-86-07,Main Current Account
2024-03-11,TFL BUS JOURNEY,-1.75,1103.05,GBP,NIMOB,46110026,93-86-07,Main Current Account
2024-03-14,TFL RAIL TRAVEL,-6.41,1096.64,GBP,NIMOB,46110026,93-86-07,Main Current Account
2024-03-15,CLIENT INVOICE PAYMENT,407.1,1503.74,GBP,NIMOB,46110026,93-86-07,Main Current Account
2024-03-15,CITY WATER,-30.87,1472.87,GBP,NIMOB,46110026,93-86-07,Main Current Account
2024-03-16,NEWS MEMBERSHIP,-8.51,1464.36,GBP,NIMOB,46110026,93-86-07,Main Current Account
2024-03-16,TESCO SUPERMARKET,-23.15,1441.21,GBP,NIMOB,46110026,93-86-07,Main Current Account
2024-03-16,ELECTRONICS STORE,-124.49,1316.72,GBP,NIMOB,46110026,93-86-07,Main Current Account
2024-03-18,TFL BUS JOURNEY,-1.75,1314.97,GBP,NIMOB,46110026,93-86-07,Main Current Account
2024-03-18,TFL BUS JOURNEY,-1.75,1313.22,GBP,NIMOB,46110026,93-86-07,Main Current Account
2024-03-20,BROADBAND SERVICE,-23.74,1289.48,GBP,NIMOB,46110026,93-86-07,Main Current Account
2024-03-21,CONTRACT PAY,161.23,1450.71,GBP,NIMOB,46110026,93-86-07,Main Current Account
2024-03-22,MOBILE NETWORK,-21.72,1428.99,GBP,NIMOB,46110026,93-86-07,Main Current Account
2024-03-22,LOCAL PHARMACY,-36.1,1392.89,GBP,NIMOB,46110026,93-86-07,Main Current Account
2024-03-23,CITY TAXI,-8.11,1384.78,GBP,NIMOB,46110026,93-86-07,Main Current Account
2024-03-24,ALDI GROCERIES,-24.0,1360.78,GBP,NIMOB,46110026,93-86-07,Main Current Account
2024-03-26,TFL BUS JOURNEY,-1.75,1359.03,GBP,NIMOB,46110026,93-86-07,Main Current Account
2024-03-26,TFL BUS JOURNEY,-1.75,1357.28,GBP,NIMOB,46110026,93-86-07,Main Current Account
2024-03-27,TFL RAIL TRAVEL,-6.41,1350.87,GBP,NIMOB,46110026,93-86-07,Main Current Account
2024-03-28,TFL BUS JOURNEY,-1.75,1349.12,GBP,NIMOB,46110026,93-86-07,Main Current Account
2024-03-28,TFL BUS JOURNEY,-1.75,1347.37,GBP,NIMOB,46110026,93-86-07,Main Current Account
2024-03-30,LOCAL CAFE,-9.53,1337.84,GBP,NIMOB,46110026,93-86-07,Main Current Account
2024-03-31,SAINSBURY STORE,-37.34,1300.5,GBP,NIMOB,46110026,93-86-07,Main Current Account
2024-03-31,LIDL MARKET,-12.06,1288.44,GBP,NIMOB,46110026,93-86-07,Main Current Account
2024-03-31,CITY TAXI,-13.53,1274.91,GBP,NIMOB,46110026,93-86-07,Main Current Account
2024-04-01,HOME RENT PAYMENT,-716.85,558.06,GBP,NIMOB,46110026,93-86-07,Main Current Account
2024-04-01,TFL BUS JOURNEY,-1.75,556.31,GBP,NIMOB,46110026,93-86-07,Main Current Account
2024-04-01,TFL BUS JOURNEY,-1.75,554.56,GBP,NIMOB,46110026,93-86-07,Main Current Account
2024-04-02,CONTRACT PAY,211.06,765.62,GBP,NIMOB,46110026,93-86-07,Main Current Account
2024-04-02,TESCO SUPERMARKET,-39.02,726.6,GBP,NIMOB,46110026,93-86-07,Main Current Account
2024-04-03,TFL RAIL TRAVEL,-9.22,717.38,GBP,NIMOB,46110026,93-86-07,Main Current Account
2024-04-04,FREELANCE CREDIT,149.77,867.15,GBP,NIMOB,46110026,93-86-07,Main Current Account
2024-04-04,FREELANCE CREDIT,507.7,1374.85,GBP,NIMOB,46110026,93-86-07,Main Current Account
2024-04-05,TFL RAIL TRAVEL,-6.42,1368.43,GBP,NIMOB,46110026,93-86-07,Main Current Account
2024-04-05,AMAZON MARKETPLACE,-55.92,1312.51,GBP,NIMOB,46110026,93-86-07,Main Current Account
2024-04-06,TESCO SUPERMARKET,-180.82,1131.69,GBP,NIMOB,46110026,93-86-07,Main Current Account
2024-04-06,CITY TAXI,-20.82,1110.87,GBP,NIMOB,46110026,93-86-07,Main Current Account
2024-04-07,NIMO ENERGY,-81.94,1028.93,GBP,NIMOB,46110026,93-86-07,Main Current Account
2024-04-09,CLIENT INVOICE PAYMENT,693.41,1722.34,GBP,NIMOB,46110026,93-86-07,Main Current Account
2024-04-09,GYM MEMBERSHIP,-30.06,1692.28,GBP,NIMOB,46110026,93-86-07,Main Current Account
2024-04-10,VIDEO STREAMING,-8.01,1684.27,GBP,NIMOB,46110026,93-86-07,Main Current Account
2024-04-10,TFL RAIL TRAVEL,-4.61,1679.66,GBP,NIMOB,46110026,93-86-07,Main Current Account
2024-04-11,TFL BUS JOURNEY,-1.75,1677.91,GBP,NIMOB,46110026,93-86-07,Main Current Account
2024-04-11,TFL BUS JOURNEY,-1.75,1676.16,GBP,NIMOB,46110026,93-86-07,Main Current Account
2024-04-13,SAINSBURY STORE,-39.01,1637.15,GBP,NIMOB,46110026,93-86-07,Main Current Account
2024-04-15,FREELANCE CREDIT,1117.84,2754.99,GBP,NIMOB,46110026,93-86-07,Main Current Account
2024-04-15,CITY WATER,-28.55,2726.44,GBP,NIMOB,46110026,93-86-07,Main Current Account
2024-04-15,TFL RAIL TRAVEL,-3.21,2723.23,GBP,NIMOB,46110026,93-86-07,Main Current Account
2024-04-16,NEWS MEMBERSHIP,-8.52,2714.71,GBP,NIMOB,46110026,93-86-07,Main Current Account
2024-04-16,TFL BUS JOURNEY,-1.75,2712.96,GBP,NIMOB,46110026,93-86-07,Main Current Account
2024-04-16,TFL BUS JOURNEY,-1.75,2711.21,GBP,NIMOB,46110026,93-86-07,Main Current Account
2024-04-17,TFL BUS JOURNEY,-1.75,2709.46,GBP,NIMOB,46110026,93-86-07,Main Current Account
2024-04-17,TFL BUS JOURNEY,-1.75,2707.71,GBP,NIMOB,46110026,93-86-07,Main Current Account
2024-04-18,FREELANCE CREDIT,473.05,3180.76,GBP,NIMOB,46110026,93-86-07,Main Current Account
2024-04-18,CONTRACT PAY,699.86,3880.62,GBP,NIMOB,46110026,93-86-07,Main Current Account
2024-04-18,ALDI GROCERIES,-23.19,3857.43,GBP,NIMOB,46110026,93-86-07,Main Current Account
2024-04-19,ALDI GROCERIES,-22.05,3835.38,GBP,NIMOB,46110026,93-86-07,Main Current Account
2024-04-19,TFL BUS JOURNEY,-1.75,3833.63,GBP,NIMOB,46110026,93-86-07,Main Current Account
2024-04-19,TFL BUS JOURNEY,-1.75,3831.88,GBP,NIMOB,46110026,93-86-07,Main Current Account
2024-04-20,BROADBAND SERVICE,-22.75,3809.13,GBP,NIMOB,46110026,93-86-07,Main Current Account
2024-04-20,LIDL MARKET,-18.8,3790.33,GBP,NIMOB,46110026,93-86-07,Main Current Account
2024-04-20,SAINSBURY STORE,-39.26,3751.07,GBP,NIMOB,46110026,93-86-07,Main Current Account
2024-04-22,MOBILE NETWORK,-21.12,3729.95,GBP,NIMOB,46110026,93-86-07,Main Current Account
2024-04-22,TFL BUS JOURNEY,-1.76,3728.19,GBP,NIMOB,46110026,93-86-07,Main Current Account
2024-04-22,TFL BUS JOURNEY,-1.76,3726.43,GBP,NIMOB,46110026,93-86-07,Main Current Account
2024-04-23,TFL BUS JOURNEY,-1.76,3724.67,GBP,NIMOB,46110026,93-86-07,Main Current Account
2024-04-23,TFL BUS JOURNEY,-1.76,3722.91,GBP,NIMOB,46110026,93-86-07,Main Current Account
2024-04-24,FREELANCE CREDIT,671.41,4394.32,GBP,NIMOB,46110026,93-86-07,Main Current Account
2024-04-24,CONTRACT PAY,181.92,4576.24,GBP,NIMOB,46110026,93-86-07,Main Current Account
2024-04-24,TFL BUS JOURNEY,-1.76,4574.48,GBP,NIMOB,46110026,93-86-07,Main Current Account
2024-04-24,TFL BUS JOURNEY,-1.76,4572.72,GBP,NIMOB,46110026,93-86-07,Main Current Account
2024-04-25,LOCAL PHARMACY,-24.9,4547.82,GBP,NIMOB,46110026,93-86-07,Main Current Account
2024-04-26,TFL RAIL TRAVEL,-6.42,4541.4,GBP,NIMOB,46110026,93-86-07,Main Current Account
2024-04-27,TRANSFER TO SAVINGS,-495.83,4045.57,GBP,NIMOB,46110026,93-86-07,Main Current Account
2024-04-28,SAINSBURY STORE,-21.86,4023.71,GBP,NIMOB,46110026,93-86-07,Main Current Account
2024-04-29,CLIENT INVOICE PAYMENT,322.53,4346.24,GBP,NIMOB,46110026,93-86-07,Main Current Account
2024-04-30,SAINSBURY STORE,-45.0,4301.24,GBP,NIMOB,46110026,93-86-07,Main Current Account
2024-04-30,TFL RAIL TRAVEL,-9.23,4292.01,GBP,NIMOB,46110026,93-86-07,Main Current Account
2024-05-01,CONTRACT PAY,340.75,4632.76,GBP,NIMOB,46110026,93-86-07,Main Current Account
2024-05-01,HOME RENT PAYMENT,-717.8,3914.96,GBP,NIMOB,46110026,93-86-07,Main Current Account
2024-05-01,TFL BUS JOURNEY,-1.76,3913.2,GBP,NIMOB,46110026,93-86-07,Main Current Account
2024-05-01,TFL BUS JOURNEY,-1.76,3911.44,GBP,NIMOB,46110026,93-86-07,Main Current Account
2024-05-02,CONTRACT PAY,401.37,4312.81,GBP,NIMOB,46110026,93-86-07,Main Current Account
2024-05-02,TFL RAIL TRAVEL,-4.61,4308.2,GBP,NIMOB,46110026,93-86-07,Main Current Account
2024-05-04,CITY TAXI,-7.84,4300.36,GBP,NIMOB,46110026,93-86-07,Main Current Account
2024-05-04,ONLINE SHOP,-21.52,4278.84,GBP,NIMOB,46110026,93-86-07,Main Current Account
2024-05-06,FREELANCE CREDIT,201.94,4480.78,GBP,NIMOB,46110026,93-86-07,Main Current Account
2024-05-06,TFL BUS JOURNEY,-1.76,4479.02,GBP,NIMOB,46110026,93-86-07,Main Current Account
2024-05-06,TFL BUS JOURNEY,-1.76,4477.26,GBP,NIMOB,46110026,93-86-07,Main Current Account
2024-05-07,CLIENT INVOICE PAYMENT,357.21,4834.47,GBP,NIMOB,46110026,93-86-07,Main Current Account
2024-05-07,NIMO ENERGY,-73.59,4760.88,GBP,NIMOB,46110026,93-86-07,Main Current Account
2024-05-07,LIDL MARKET,-40.57,4720.31,GBP,NIMOB,46110026,93-86-07,Main Current Account
2024-05-07,TFL RAIL TRAVEL,-4.62,4715.69,GBP,NIMOB,46110026,93-86-07,Main Current Account
2024-05-08,CLIENT INVOICE PAYMENT,167.36,4883.05,GBP,NIMOB,46110026,93-86-07,Main Current Account
2024-05-08,TFL RAIL TRAVEL,-4.62,4878.43,GBP,NIMOB,46110026,93-86-07,Main Current Account
2024-05-09,GYM MEMBERSHIP,-30.08,4848.35,GBP,NIMOB,46110026,93-86-07,Main Current Account
2024-05-10,VIDEO STREAMING,-8.01,4840.34,GBP,NIMOB,46110026,93-86-07,Main Current Account
2024-05-10,DELIVEROO TAKEAWAY,-12.83,4827.51,GBP,NIMOB,46110026,93-86-07,Main Current Account
2024-05-10,TFL BUS JOURNEY,-1.76,4825.75,GBP,NIMOB,46110026,93-86-07,Main Current Account
2024-05-10,TFL BUS JOURNEY,-1.76,4823.99,GBP,NIMOB,46110026,93-86-07,Main Current Account
2024-05-11,LOCAL CAFE,-125.14,4698.85,GBP,NIMOB,46110026,93-86-07,Main Current Account
2024-05-11,AMAZON MARKETPLACE,-47.04,4651.81,GBP,NIMOB,46110026,93-86-07,Main Current Account
2024-05-13,TFL RAIL TRAVEL,-9.23,4642.58,GBP,NIMOB,46110026,93-86-07,Main Current Account
2024-05-14,TFL RAIL TRAVEL,-3.21,4639.37,GBP,NIMOB,46110026,93-86-07,Main Current Account
2024-05-15,CITY WATER,-31.43,4607.94,GBP,NIMOB,46110026,93-86-07,Main Current Account
2024-05-16,NEWS MEMBERSHIP,-8.53,4599.41,GBP,NIMOB,46110026,93-86-07,Main Current Account
2024-05-16,TFL BUS JOURNEY,-1.76,4597.65,GBP,NIMOB,46110026,93-86-07,Main Current Account
2024-05-16,TFL BUS JOURNEY,-1.76,4595.89,GBP,NIMOB,46110026,93-86-07,Main Current Account
2024-05-17,TFL RAIL TRAVEL,-9.23,4586.66,GBP,NIMOB,46110026,93-86-07,Main Current Account
2024-05-18,TESCO SUPERMARKET,-26.41,4560.25,GBP,NIMOB,46110026,93-86-07,Main Current Account
2024-05-20,BROADBAND SERVICE,-25.11,4535.14,GBP,NIMOB,46110026,93-86-07,Main Current Account
2024-05-20,TFL BUS JOURNEY,-1.76,4533.38,GBP,NIMOB,46110026,93-86-07,Main Current Account
2024-05-20,TFL BUS JOURNEY,-1.76,4531.62,GBP,NIMOB,46110026,93-86-07,Main Current Account
2024-05-21,ALDI GROCERIES,-21.95,4509.67,GBP,NIMOB,46110026,93-86-07,Main Current Account
2024-05-21,TFL BUS JOURNEY,-1.76,4507.91,GBP,NIMOB,46110026,93-86-07,Main Current Account
2024-05-21,TFL BUS JOURNEY,-1.76,4506.15,GBP,NIMOB,46110026,93-86-07,Main Current Account
2024-05-22,MOBILE NETWORK,-19.88,4486.27,GBP,NIMOB,46110026,93-86-07,Main Current Account
2024-05-22,TFL BUS JOURNEY,-1.76,4484.51,GBP,NIMOB,46110026,93-86-07,Main Current Account
2024-05-22,TFL BUS JOURNEY,-1.76,4482.75,GBP,NIMOB,46110026,93-86-07,Main Current Account
2024-05-23,TFL RAIL TRAVEL,-4.62,4478.13,GBP,NIMOB,46110026,93-86-07,Main Current Account
2024-05-25,NEIGHBOURHOOD PUB,-16.81,4461.32,GBP,NIMOB,46110026,93-86-07,Main Current Account
2024-05-27,FREELANCE CREDIT,644.78,5106.1,GBP,NIMOB,46110026,93-86-07,Main Current Account
2024-05-28,TFL BUS JOURNEY,-1.76,5104.34,GBP,NIMOB,46110026,93-86-07,Main Current Account
2024-05-28,TFL BUS JOURNEY,-1.76,5102.58,GBP,NIMOB,46110026,93-86-07,Main Current Account
2024-05-28,CITY DEPARTMENT STORE,-154.4,4948.18,GBP,NIMOB,46110026,93-86-07,Main Current Account
2024-05-30,TFL BUS JOURNEY,-1.76,4946.42,GBP,NIMOB,46110026,93-86-07,Main Current Account
2024-05-30,TFL BUS JOURNEY,-1.76,4944.66,GBP,NIMOB,46110026,93-86-07,Main Current Account
2024-05-31,TFL BUS JOURNEY,-1.76,4942.9,GBP,NIMOB,46110026,93-86-07,Main Current Account
2024-05-31,TFL BUS JOURNEY,-1.76,4941.14,GBP,NIMOB,46110026,93-86-07,Main Current Account
2024-06-01,HOME RENT PAYMENT,-718.78,4222.36,GBP,NIMOB,46110026,93-86-07,Main Current Account
2024-06-01,SAINSBURY STORE,-36.97,4185.39,GBP,NIMOB,46110026,93-86-07,Main Current Account
2024-06-02,DELIVEROO TAKEAWAY,-14.31,4171.08,GBP,NIMOB,46110026,93-86-07,Main Current Account
2024-06-02,CITY TAXI,-16.97,4154.11,GBP,NIMOB,46110026,93-86-07,Main Current Account
2024-06-03,TFL BUS JOURNEY,-1.76,4152.35,GBP,NIMOB,46110026,93-86-07,Main Current Account
2024-06-03,TFL BUS JOURNEY,-1.76,4150.59,GBP,NIMOB,46110026,93-86-07,Main Current Account
2024-06-04,TFL BUS JOURNEY,-1.76,4148.83,GBP,NIMOB,46110026,93-86-07,Main Current Account
2024-06-04,TFL BUS JOURNEY,-1.76,4147.07,GBP,NIMOB,46110026,93-86-07,Main Current Account
2024-06-05,TFL RAIL TRAVEL,-9.24,4137.83,GBP,NIMOB,46110026,93-86-07,Main Current Account
2024-06-06,ALDI GROCERIES,-11.63,4126.2,GBP,NIMOB,46110026,93-86-07,Main Current Account
2024-06-06,TFL BUS JOURNEY,-1.76,4124.44,GBP,NIMOB,46110026,93-86-07,Main Current Account
2024-06-06,TFL BUS JOURNEY,-1.76,4122.68,GBP,NIMOB,46110026,93-86-07,Main Current Account
2024-06-07,NIMO ENERGY,-75.05,4047.63,GBP,NIMOB,46110026,93-86-07,Main Current Account
2024-06-07,LIDL MARKET,-10.69,4036.94,GBP,NIMOB,46110026,93-86-07,Main Current Account
2024-06-08,NEIGHBOURHOOD PUB,-9.3,4027.64,GBP,NIMOB,46110026,93-86-07,Main Current Account
2024-06-09,GYM MEMBERSHIP,-30.1,3997.54,GBP,NIMOB,46110026,93-86-07,Main Current Account
2024-06-10,VIDEO STREAMING,-8.02,3989.52,GBP,NIMOB,46110026,93-86-07,Main Current Account
2024-06-10,TFL BUS JOURNEY,-1.76,3987.76,GBP,NIMOB,46110026,93-86-07,Main Current Account
2024-06-10,TFL BUS JOURNEY,-1.76,3986.0,GBP,NIMOB,46110026,93-86-07,Main Current Account
2024-06-11,CONTRACT PAY,673.19,4659.19,GBP,NIMOB,46110026,93-86-07,Main Current Account
2024-06-11,DELIVEROO TAKEAWAY,-16.73,4642.46,GBP,NIMOB,46110026,93-86-07,Main Current Account
2024-06-11,TFL BUS JOURNEY,-1.76,4640.7,GBP,NIMOB,46110026,93-86-07,Main Current Account
2024-06-11,TFL BUS JOURNEY,-1.76,4638.94,GBP,NIMOB,46110026,93-86-07,Main Current Account
2024-06-14,NEIGHBOURHOOD PUB,-32.13,4606.81,GBP,NIMOB,46110026,93-86-07,Main Current Account
2024-06-14,TFL BUS JOURNEY,-1.76,4605.05,GBP,NIMOB,46110026,93-86-07,Main Current Account
2024-06-14,TFL BUS JOURNEY,-1.76,4603.29,GBP,NIMOB,46110026,93-86-07,Main Current Account
2024-06-15,CITY WATER,-32.92,4570.37,GBP,NIMOB,46110026,93-86-07,Main Current Account
2024-06-15,LIDL MARKET,-85.2,4485.17,GBP,NIMOB,46110026,93-86-07,Main Current Account
2024-06-15,ONLINE SHOP,-107.08,4378.09,GBP,NIMOB,46110026,93-86-07,Main Current Account
2024-06-16,NEWS MEMBERSHIP,-8.53,4369.56,GBP,NIMOB,46110026,93-86-07,Main Current Account
2024-06-17,TFL BUS JOURNEY,-1.76,4367.8,GBP,NIMOB,46110026,93-86-07,Main Current Account
2024-06-17,TFL BUS JOURNEY,-1.76,4366.04,GBP,NIMOB,46110026,93-86-07,Main Current Account
2024-06-18,TFL BUS JOURNEY,-1.76,4364.28,GBP,NIMOB,46110026,93-86-07,Main Current Account
2024-06-18,TFL BUS JOURNEY,-1.76,4362.52,GBP,NIMOB,46110026,93-86-07,Main Current Account
2024-06-19,CONTRACT PAY,186.55,4549.07,GBP,NIMOB,46110026,93-86-07,Main Current Account
2024-06-19,SAINSBURY STORE,-10.97,4538.1,GBP,NIMOB,46110026,93-86-07,Main Current Account
2024-06-20,FREELANCE CREDIT,360.19,4898.29,GBP,NIMOB,46110026,93-86-07,Main Current Account
2024-06-20,BROADBAND SERVICE,-25.76,4872.53,GBP,NIMOB,46110026,93-86-07,Main Current Account
2024-06-20,TESCO SUPERMARKET,-18.98,4853.55,GBP,NIMOB,46110026,93-86-07,Main Current Account
2024-06-20,NEIGHBOURHOOD PUB,-41.99,4811.56,GBP,NIMOB,46110026,93-86-07,Main Current Account
2024-06-20,TFL RAIL TRAVEL,-4.62,4806.94,GBP,NIMOB,46110026,93-86-07,Main Current Account
2024-06-21,TFL BUS JOURNEY,-1.76,4805.18,GBP,NIMOB,46110026,93-86-07,Main Current Account
2024-06-21,TFL BUS JOURNEY,-1.76,4803.42,GBP,NIMOB,46110026,93-86-07,Main Current Account
2024-06-22,MOBILE NETWORK,-18.71,4784.71,GBP,NIMOB,46110026,93-86-07,Main Current Account
2024-06-24,CONTRACT PAY,456.34,5241.05,GBP,NIMOB,46110026,93-86-07,Main Current Account
2024-06-24,TESCO SUPERMARKET,-86.66,5154.39,GBP,NIMOB,46110026,93-86-07,Main Current Account
2024-06-24,TFL RAIL TRAVEL,-9.24,5145.15,GBP,NIMOB,46110026,93-86-07,Main Current Account
2024-06-27,TESCO SUPERMARKET,-12.12,5133.03,GBP,NIMOB,46110026,93-86-07,Main Current Account
2024-06-27,TFL BUS JOURNEY,-1.76,5131.27,GBP,NIMOB,46110026,93-86-07,Main Current Account
2024-06-27,TFL BUS JOURNEY,-1.76,5129.51,GBP,NIMOB,46110026,93-86-07,Main Current Account
2024-06-27,TRANSFER TO SAVINGS,-436.0,4693.51,GBP,NIMOB,46110026,93-86-07,Main Current Account
2024-06-30,LIDL MARKET,-54.23,4639.28,GBP,NIMOB,46110026,93-86-07,Main Current Account
2024-06-30,SAINSBURY STORE,-15.22,4624.06,GBP,NIMOB,46110026,93-86-07,Main Current Account
2024-07-01,HOME RENT PAYMENT,-719.73,3904.33,GBP,NIMOB,46110026,93-86-07,Main Current Account
2024-07-05,TESCO SUPERMARKET,-57.63,3846.7,GBP,NIMOB,46110026,93-86-07,Main Current Account
2024-07-05,LOCAL CAFE,-23.73,3822.97,GBP,NIMOB,46110026,93-86-07,Main Current Account
2024-07-05,TFL RAIL TRAVEL,-9.24,3813.73,GBP,NIMOB,46110026,93-86-07,Main Current Account
2024-07-06,ALDI GROCERIES,-30.53,3783.2,GBP,NIMOB,46110026,93-86-07,Main Current Account
2024-07-06,LOCAL CAFE,-23.65,3759.55,GBP,NIMOB,46110026,93-86-07,Main Current Account
2024-07-06,NEIGHBOURHOOD PUB,-10.3,3749.25,GBP,NIMOB,46110026,93-86-07,Main Current Account
2024-07-06,DELIVEROO TAKEAWAY,-7.73,3741.52,GBP,NIMOB,46110026,93-86-07,Main Current Account
2024-07-07,NIMO ENERGY,-76.05,3665.47,GBP,NIMOB,46110026,93-86-07,Main Current Account
2024-07-07,ALDI GROCERIES,-30.7,3634.77,GBP,NIMOB,46110026,93-86-07,Main Current Account
2024-07-08,LIDL MARKET,-45.54,3589.23,GBP,NIMOB,46110026,93-86-07,Main Current Account
2024-07-09,CONTRACT PAY,711.41,4300.64,GBP,NIMOB,46110026,93-86-07,Main Current Account
2024-07-09,FREELANCE CREDIT,791.27,5091.91,GBP,NIMOB,46110026,93-86-07,Main Current Account
2024-07-09,GYM MEMBERSHIP,-30.12,5061.79,GBP,NIMOB,46110026,93-86-07,Main Current Account
2024-07-09,TFL BUS JOURNEY,-1.76,5060.03,GBP,NIMOB,46110026,93-86-07,Main Current Account
2024-07-09,TFL BUS JOURNEY,-1.76,5058.27,GBP,NIMOB,46110026,93-86-07,Main Current Account
2024-07-10,VIDEO STREAMING,-8.03,5050.24,GBP,NIMOB,46110026,93-86-07,Main Current Account
2024-07-11,FREELANCE CREDIT,259.68,5309.92,GBP,NIMOB,46110026,93-86-07,Main Current Account
2024-07-11,TFL BUS JOURNEY,-1.76,5308.16,GBP,NIMOB,46110026,93-86-07,Main Current Account
2024-07-11,TFL BUS JOURNEY,-1.76,5306.4,GBP,NIMOB,46110026,93-86-07,Main Current Account
2024-07-12,TFL RAIL TRAVEL,-3.22,5303.18,GBP,NIMOB,46110026,93-86-07,Main Current Account
2024-07-13,ALDI GROCERIES,-20.18,5283.0,GBP,NIMOB,46110026,93-86-07,Main Current Account
2024-07-13,DELIVEROO TAKEAWAY,-22.55,5260.45,GBP,NIMOB,46110026,93-86-07,Main Current Account
2024-07-14,CITY TAXI,-15.25,5245.2,GBP,NIMOB,46110026,93-86-07,Main Current Account
2024-07-15,CITY WATER,-31.51,5213.69,GBP,NIMOB,46110026,93-86-07,Main Current Account
2024-07-15,TFL BUS JOURNEY,-1.76,5211.93,GBP,NIMOB,46110026,93-86-07,Main Current Account
2024-07-15,TFL BUS JOURNEY,-1.76,5210.17,GBP,NIMOB,46110026,93-86-07,Main Current Account
2024-07-16,NEWS MEMBERSHIP,-8.54,5201.63,GBP,NIMOB,46110026,93-86-07,Main Current Account
2024-07-16,SAINSBURY STORE,-108.27,5093.36,GBP,NIMOB,46110026,93-86-07,Main Current Account
2024-07-16,TFL RAIL TRAVEL,-4.62,5088.74,GBP,NIMOB,46110026,93-86-07,Main Current Account
2024-07-17,FREELANCE CREDIT,325.98,5414.72,GBP,NIMOB,46110026,93-86-07,Main Current Account
2024-07-18,CONTRACT PAY,358.36,5773.08,GBP,NIMOB,46110026,93-86-07,Main Current Account
2024-07-19,TESCO SUPERMARKET,-25.99,5747.09,GBP,NIMOB,46110026,93-86-07,Main Current Account
2024-07-19,TFL RAIL TRAVEL,-9.25,5737.84,GBP,NIMOB,46110026,93-86-07,Main Current Account
2024-07-20,BROADBAND SERVICE,-29.06,5708.78,GBP,NIMOB,46110026,93-86-07,Main Current Account
2024-07-22,MOBILE NETWORK,-20.21,5688.57,GBP,NIMOB,46110026,93-86-07,Main Current Account
2024-07-22,TESCO SUPERMARKET,-5.14,5683.43,GBP,NIMOB,46110026,93-86-07,Main Current Account
2024-07-22,TFL BUS JOURNEY,-1.76,5681.67,GBP,NIMOB,46110026,93-86-07,Main Current Account
2024-07-22,TFL BUS JOURNEY,-1.76,5679.91,GBP,NIMOB,46110026,93-86-07,Main Current Account
2024-07-23,TFL RAIL TRAVEL,-9.25,5670.66,GBP,NIMOB,46110026,93-86-07,Main Current Account
2024-07-25,TFL BUS JOURNEY,-1.76,5668.9,GBP,NIMOB,46110026,93-86-07,Main Current Account
2024-07-25,TFL BUS JOURNEY,-1.76,5667.14,GBP,NIMOB,46110026,93-86-07,Main Current Account
2024-07-26,TFL BUS JOURNEY,-1.76,5665.38,GBP,NIMOB,46110026,93-86-07,Main Current Account
2024-07-26,TFL BUS JOURNEY,-1.76,5663.62,GBP,NIMOB,46110026,93-86-07,Main Current Account
2024-07-27,TESCO SUPERMARKET,-23.89,5639.73,GBP,NIMOB,46110026,93-86-07,Main Current Account
2024-07-27,CITY RESTAURANT,-9.81,5629.92,GBP,NIMOB,46110026,93-86-07,Main Current Account
2024-07-27,TRANSFER TO SAVINGS,-365.14,5264.78,GBP,NIMOB,46110026,93-86-07,Main Current Account
2024-07-29,CLIENT INVOICE PAYMENT,317.26,5582.04,GBP,NIMOB,46110026,93-86-07,Main Current Account
2024-07-29,TFL BUS JOURNEY,-1.76,5580.28,GBP,NIMOB,46110026,93-86-07,Main Current Account
2024-07-29,TFL BUS JOURNEY,-1.76,5578.52,GBP,NIMOB,46110026,93-86-07,Main Current Account
2024-08-01,HOME RENT PAYMENT,-720.72,4857.8,GBP,NIMOB,46110026,93-86-07,Main Current Account
2024-08-01,TFL BUS JOURNEY,-1.76,4856.04,GBP,NIMOB,46110026,93-86-07,Main Current Account
2024-08-01,TFL BUS JOURNEY,-1.76,4854.28,GBP,NIMOB,46110026,93-86-07,Main Current Account
2024-08-02,CLIENT INVOICE PAYMENT,238.97,5093.25,GBP,NIMOB,46110026,93-86-07,Main Current Account
2024-08-04,TESCO SUPERMARKET,-12.17,5081.08,GBP,NIMOB,46110026,93-86-07,Main Current Account
2024-08-04,ONLINE SHOP,-49.27,5031.81,GBP,NIMOB,46110026,93-86-07,Main Current Account
2024-08-05,TFL BUS JOURNEY,-1.76,5030.05,GBP,NIMOB,46110026,93-86-07,Main Current Account
2024-08-05,TFL BUS JOURNEY,-1.76,5028.29,GBP,NIMOB,46110026,93-86-07,Main Current Account
2024-08-06,TFL BUS JOURNEY,-1.76,5026.53,GBP,NIMOB,46110026,93-86-07,Main Current Account
2024-08-06,TFL BUS JOURNEY,-1.76,5024.77,GBP,NIMOB,46110026,93-86-07,Main Current Account
2024-08-07,FREELANCE CREDIT,292.36,5317.13,GBP,NIMOB,46110026,93-86-07,Main Current Account
2024-08-07,NIMO ENERGY,-73.66,5243.47,GBP,NIMOB,46110026,93-86-07,Main Current Account
2024-08-08,ALDI GROCERIES,-37.33,5206.14,GBP,NIMOB,46110026,93-86-07,Main Current Account
2024-08-08,TFL BUS JOURNEY,-1.76,5204.38,GBP,NIMOB,46110026,93-86-07,Main Current Account
2024-08-08,TFL BUS JOURNEY,-1.76,5202.62,GBP,NIMOB,46110026,93-86-07,Main Current Account
2024-08-09,GYM MEMBERSHIP,-30.15,5172.47,GBP,NIMOB,46110026,93-86-07,Main Current Account
2024-08-09,SAINSBURY STORE,-29.82,5142.65,GBP,NIMOB,46110026,93-86-07,Main Current Account
2024-08-10,VIDEO STREAMING,-8.03,5134.62,GBP,NIMOB,46110026,93-86-07,Main Current Account
2024-08-10,SAINSBURY STORE,-10.85,5123.77,GBP,NIMOB,46110026,93-86-07,Main Current Account
2024-08-10,NEIGHBOURHOOD PUB,-46.86,5076.91,GBP,NIMOB,46110026,93-86-07,Main Current Account
2024-08-13,TFL BUS JOURNEY,-1.76,5075.15,GBP,NIMOB,46110026,93-86-07,Main Current Account
2024-08-13,TFL BUS JOURNEY,-1.76,5073.39,GBP,NIMOB,46110026,93-86-07,Main Current Account
2024-08-14,TFL RAIL TRAVEL,-9.25,5064.14,GBP,NIMOB,46110026,93-86-07,Main Current Account
2024-08-15,CITY WATER,-31.94,5032.2,GBP,NIMOB,46110026,93-86-07,Main Current Account
2024-08-15,LIDL MARKET,-51.98,4980.22,GBP,NIMOB,46110026,93-86-07,Main Current Account
2024-08-15,TFL RAIL TRAVEL,-9.25,4970.97,GBP,NIMOB,46110026,93-86-07,Main Current Account
2024-08-16,NEWS MEMBERSHIP,-8.55,4962.42,GBP,NIMOB,46110026,93-86-07,Main Current Account
2024-08-17,LOCAL CAFE,-20.01,4942.41,GBP,NIMOB,46110026,93-86-07,Main Current Account
2024-08-18,LIDL MARKET,-32.67,4909.74,GBP,NIMOB,46110026,93-86-07,Main Current Account
2024-08-18,ALDI GROCERIES,-29.87,4879.87,GBP,NIMOB,46110026,93-86-07,Main Current Account
2024-08-19,CONTRACT PAY,321.68,5201.55,GBP,NIMOB,46110026,93-86-07,Main Current Account
2024-08-19,LIDL MARKET,-16.21,5185.34,GBP,NIMOB,46110026,93-86-07,Main Current Account
2024-08-20,CLIENT INVOICE PAYMENT,1053.04,6238.38,GBP,NIMOB,46110026,93-86-07,Main Current Account
2024-08-20,BROADBAND SERVICE,-24.7,6213.68,GBP,NIMOB,46110026,93-86-07,Main Current Account
2024-08-20,TFL BUS JOURNEY,-1.76,6211.92,GBP,NIMOB,46110026,93-86-07,Main Current Account
2024-08-20,TFL BUS JOURNEY,-1.76,6210.16,GBP,NIMOB,46110026,93-86-07,Main Current Account
2024-08-21,TFL BUS JOURNEY,-1.76,6208.4,GBP,NIMOB,46110026,93-86-07,Main Current Account
2024-08-21,TFL BUS JOURNEY,-1.76,6206.64,GBP,NIMOB,46110026,93-86-07,Main Current Account
2024-08-22,MOBILE NETWORK,-21.67,6184.97,GBP,NIMOB,46110026,93-86-07,Main Current Account
2024-08-22,TFL RAIL TRAVEL,-4.63,6180.34,GBP,NIMOB,46110026,93-86-07,Main Current Account
2024-08-25,TESCO SUPERMARKET,-25.53,6154.81,GBP,NIMOB,46110026,93-86-07,Main Current Account
2024-08-25,LIDL MARKET,-58.36,6096.45,GBP,NIMOB,46110026,93-86-07,Main Current Account
2024-08-25,NEIGHBOURHOOD PUB,-15.57,6080.88,GBP,NIMOB,46110026,93-86-07,Main Current Account
2024-08-26,FREELANCE CREDIT,282.2,6363.08,GBP,NIMOB,46110026,93-86-07,Main Current Account
2024-08-26,FREELANCE CREDIT,679.99,7043.07,GBP,NIMOB,46110026,93-86-07,Main Current Account
2024-08-26,TFL RAIL TRAVEL,-6.44,7036.63,GBP,NIMOB,46110026,93-86-07,Main Current Account
2024-08-27,TFL RAIL TRAVEL,-4.63,7032.0,GBP,NIMOB,46110026,93-86-07,Main Current Account
2024-08-27,TRANSFER TO SAVINGS,-617.93,6414.07,GBP,NIMOB,46110026,93-86-07,Main Current Account
2024-08-28,LIDL MARKET,-9.65,6404.42,GBP,NIMOB,46110026,93-86-07,Main Current Account
2024-08-29,CLIENT INVOICE PAYMENT,484.81,6889.23,GBP,NIMOB,46110026,93-86-07,Main Current Account
2024-08-30,TFL RAIL TRAVEL,-3.22,6886.01,GBP,NIMOB,46110026,93-86-07,Main Current Account
2024-08-31,DELIVEROO TAKEAWAY,-21.35,6864.66,GBP,NIMOB,46110026,93-86-07,Main Current Account
2024-09-01,HOME RENT PAYMENT,-721.7,6142.96,GBP,NIMOB,46110026,93-86-07,Main Current Account
2024-09-03,CLIENT INVOICE PAYMENT,167.23,6310.19,GBP,NIMOB,46110026,93-86-07,Main Current Account
2024-09-03,TFL BUS JOURNEY,-1.76,6308.43,GBP,NIMOB,46110026,93-86-07,Main Current Account
2024-09-03,TFL BUS JOURNEY,-1.76,6306.67,GBP,NIMOB,46110026,93-86-07,Main Current Account
2024-09-04,LIDL MARKET,-124.95,6181.72,GBP,NIMOB,46110026,93-86-07,Main Current Account
2024-09-04,CITY RESTAURANT,-56.29,6125.43,GBP,NIMOB,46110026,93-86-07,Main Current Account
2024-09-04,TFL RAIL TRAVEL,-6.44,6118.99,GBP,NIMOB,46110026,93-86-07,Main Current Account
2024-09-05,CLIENT INVOICE PAYMENT,334.06,6453.05,GBP,NIMOB,46110026,93-86-07,Main Current Account
2024-09-05,TFL RAIL TRAVEL,-3.22,6449.83,GBP,NIMOB,46110026,93-86-07,Main Current Account
2024-09-06,TFL BUS JOURNEY,-1.76,6448.07,GBP,NIMOB,46110026,93-86-07,Main Current Account
2024-09-06,TFL BUS JOURNEY,-1.76,6446.31,GBP,NIMOB,46110026,93-86-07,Main Current Account
2024-09-07,NIMO ENERGY,-88.88,6357.43,GBP,NIMOB,46110026,93-86-07,Main Current Account
2024-09-07,TESCO SUPERMARKET,-54.12,6303.31,GBP,NIMOB,46110026,93-86-07,Main Current Account
2024-09-07,TESCO SUPERMARKET,-18.07,6285.24,GBP,NIMOB,46110026,93-86-07,Main Current Account
2024-09-07,CITY TAXI,-13.58,6271.66,GBP,NIMOB,46110026,93-86-07,Main Current Account
2024-09-09,GYM MEMBERSHIP,-30.17,6241.49,GBP,NIMOB,46110026,93-86-07,Main Current Account
2024-09-09,TFL RAIL TRAVEL,-6.44,6235.05,GBP,NIMOB,46110026,93-86-07,Main Current Account
2024-09-10,VIDEO STREAMING,-8.04,6227.01,GBP,NIMOB,46110026,93-86-07,Main Current Account
2024-09-10,TFL BUS JOURNEY,-1.76,6225.25,GBP,NIMOB,46110026,93-86-07,Main Current Account
2024-09-10,TFL BUS JOURNEY,-1.76,6223.49,GBP,NIMOB,46110026,93-86-07,Main Current Account
2024-09-11,TFL BUS JOURNEY,-1.76,6221.73,GBP,NIMOB,46110026,93-86-07,Main Current Account
2024-09-11,TFL BUS JOURNEY,-1.76,6219.97,GBP,NIMOB,46110026,93-86-07,Main Current Account
2024-09-12,ALDI GROCERIES,-47.05,6172.92,GBP,NIMOB,46110026,93-86-07,Main Current Account
2024-09-12,TFL BUS JOURNEY,-1.76,6171.16,GBP,NIMOB,46110026,93-86-07,Main Current Account
2024-09-12,TFL BUS JOURNEY,-1.76,6169.4,GBP,NIMOB,46110026,93-86-07,Main Current Account
2024-09-13,TESCO SUPERMARKET,-11.28,6158.12,GBP,NIMOB,46110026,93-86-07,Main Current Account
2024-09-13,TFL RAIL TRAVEL,-6.44,6151.68,GBP,NIMOB,46110026,93-86-07,Main Current Account
2024-09-14,TESCO SUPERMARKET,-27.08,6124.6,GBP,NIMOB,46110026,93-86-07,Main Current Account
2024-09-15,CITY WATER,-30.72,6093.88,GBP,NIMOB,46110026,93-86-07,Main Current Account
2024-09-16,NEWS MEMBERSHIP,-8.55,6085.33,GBP,NIMOB,46110026,93-86-07,Main Current Account
2024-09-16,TFL BUS JOURNEY,-1.76,6083.57,GBP,NIMOB,46110026,93-86-07,Main Current Account
2024-09-16,TFL BUS JOURNEY,-1.76,6081.81,GBP,NIMOB,46110026,93-86-07,Main Current Account
2024-09-17,TFL BUS JOURNEY,-1.76,6080.05,GBP,NIMOB,46110026,93-86-07,Main Current Account
2024-09-17,TFL BUS JOURNEY,-1.76,6078.29,GBP,NIMOB,46110026,93-86-07,Main Current Account
2024-09-18,TFL BUS JOURNEY,-1.76,6076.53,GBP,NIMOB,46110026,93-86-07,Main Current Account
2024-09-18,TFL BUS JOURNEY,-1.76,6074.77,GBP,NIMOB,46110026,93-86-07,Main Current Account
2024-09-19,TFL RAIL TRAVEL,-9.26,6065.51,GBP,NIMOB,46110026,93-86-07,Main Current Account
2024-09-20,BROADBAND SERVICE,-26.03,6039.48,GBP,NIMOB,46110026,93-86-07,Main Current Account
2024-09-21,SAINSBURY STORE,-14.85,6024.63,GBP,NIMOB,46110026,93-86-07,Main Current Account
2024-09-22,MOBILE NETWORK,-22.36,6002.27,GBP,NIMOB,46110026,93-86-07,Main Current Account
2024-09-22,LIDL MARKET,-16.71,5985.56,GBP,NIMOB,46110026,93-86-07,Main Current Account
2024-09-22,ALDI GROCERIES,-19.35,5966.21,GBP,NIMOB,46110026,93-86-07,Main Current Account
2024-09-23,CONTRACT PAY,316.21,6282.42,GBP,NIMOB,46110026,93-86-07,Main Current Account
2024-09-24,TFL RAIL TRAVEL,-9.26,6273.16,GBP,NIMOB,46110026,93-86-07,Main Current Account
2024-09-27,CONTRACT PAY,1039.07,7312.23,GBP,NIMOB,46110026,93-86-07,Main Current Account
2024-09-27,TFL BUS JOURNEY,-1.76,7310.47,GBP,NIMOB,46110026,93-86-07,Main Current Account
2024-09-27,TFL BUS JOURNEY,-1.76,7308.71,GBP,NIMOB,46110026,93-86-07,Main Current Account
2024-09-28,LIDL MARKET,-43.36,7265.35,GBP,NIMOB,46110026,93-86-07,Main Current Account
2024-09-29,CITY TAXI,-5.03,7260.32,GBP,NIMOB,46110026,93-86-07,Main Current Account
2024-09-30,ALDI GROCERIES,-59.15,7201.17,GBP,NIMOB,46110026,93-86-07,Main Current Account
2024-09-30,TFL RAIL TRAVEL,-4.63,7196.54,GBP,NIMOB,46110026,93-86-07,Main Current Account
2024-10-01,CONTRACT PAY,914.75,8111.29,GBP,NIMOB,46110026,93-86-07,Main Current Account
2024-10-01,HOME RENT PAYMENT,-722.66,7388.63,GBP,NIMOB,46110026,93-86-07,Main Current Account
2024-10-01,TFL BUS JOURNEY,-1.76,7386.87,GBP,NIMOB,46110026,93-86-07,Main Current Account
2024-10-01,TFL BUS JOURNEY,-1.76,7385.11,GBP,NIMOB,46110026,93-86-07,Main Current Account
2024-10-02,CLIENT INVOICE PAYMENT,1335.46,8720.57,GBP,NIMOB,46110026,93-86-07,Main Current Account
2024-10-02,TFL RAIL TRAVEL,-6.45,8714.12,GBP,NIMOB,46110026,93-86-07,Main Current Account
2024-10-05,TESCO SUPERMARKET,-42.51,8671.61,GBP,NIMOB,46110026,93-86-07,Main Current Account
2024-10-05,ALDI GROCERIES,-37.7,8633.91,GBP,NIMOB,46110026,93-86-07,Main Current Account
2024-10-05,DELIVEROO TAKEAWAY,-63.6,8570.31,GBP,NIMOB,46110026,93-86-07,Main Current Account
2024-10-07,CLIENT INVOICE PAYMENT,74.82,8645.13,GBP,NIMOB,46110026,93-86-07,Main Current Account
2024-10-07,FREELANCE CREDIT,1604.18,10249.31,GBP,NIMOB,46110026,93-86-07,Main Current Account
2024-10-07,NIMO ENERGY,-78.42,10170.89,GBP,NIMOB,46110026,93-86-07,Main Current Account
2024-10-07,TFL BUS JOURNEY,-1.76,10169.13,GBP,NIMOB,46110026,93-86-07,Main Current Account
2024-10-07,TFL BUS JOURNEY,-1.76,10167.37,GBP,NIMOB,46110026,93-86-07,Main Current Account
2024-10-08,TFL RAIL TRAVEL,-4.63,10162.74,GBP,NIMOB,46110026,93-86-07,Main Current Account
2024-10-09,GYM MEMBERSHIP,-30.19,10132.55,GBP,NIMOB,46110026,93-86-07,Main Current Account
2024-10-09,TFL BUS JOURNEY,-1.76,10130.79,GBP,NIMOB,46110026,93-86-07,Main Current Account
2024-10-09,TFL BUS JOURNEY,-1.76,10129.03,GBP,NIMOB,46110026,93-86-07,Main Current Account
2024-10-10,CLIENT INVOICE PAYMENT,163.65,10292.68,GBP,NIMOB,46110026,93-86-07,Main Current Account
2024-10-10,VIDEO STREAMING,-8.04,10284.64,GBP,NIMOB,46110026,93-86-07,Main Current Account
2024-10-12,ELECTRONICS STORE,-44.4,10240.24,GBP,NIMOB,46110026,93-86-07,Main Current Account
2024-10-13,LIDL MARKET,-63.73,10176.51,GBP,NIMOB,46110026,93-86-07,Main Current Account
2024-10-13,SAINSBURY STORE,-17.68,10158.83,GBP,NIMOB,46110026,93-86-07,Main Current Account
2024-10-15,CITY WATER,-29.23,10129.6,GBP,NIMOB,46110026,93-86-07,Main Current Account
2024-10-15,TFL BUS JOURNEY,-1.76,10127.84,GBP,NIMOB,46110026,93-86-07,Main Current Account
2024-10-15,TFL BUS JOURNEY,-1.76,10126.08,GBP,NIMOB,46110026,93-86-07,Main Current Account
2024-10-16,NEWS MEMBERSHIP,-8.56,10117.52,GBP,NIMOB,46110026,93-86-07,Main Current Account
2024-10-16,TFL RAIL TRAVEL,-3.22,10114.3,GBP,NIMOB,46110026,93-86-07,Main Current Account
2024-10-17,TFL BUS JOURNEY,-1.76,10112.54,GBP,NIMOB,46110026,93-86-07,Main Current Account
2024-10-17,TFL BUS JOURNEY,-1.76,10110.78,GBP,NIMOB,46110026,93-86-07,Main Current Account
2024-10-18,TESCO SUPERMARKET,-21.55,10089.23,GBP,NIMOB,46110026,93-86-07,Main Current Account
2024-10-19,CITY RESTAURANT,-28.87,10060.36,GBP,NIMOB,46110026,93-86-07,Main Current Account
2024-10-20,BROADBAND SERVICE,-26.45,10033.91,GBP,NIMOB,46110026,93-86-07,Main Current Account
2024-10-20,ALDI GROCERIES,-167.79,9866.12,GBP,NIMOB,46110026,93-86-07,Main Current Account
2024-10-22,MOBILE NETWORK,-19.25,9846.87,GBP,NIMOB,46110026,93-86-07,Main Current Account
2024-10-22,TFL BUS JOURNEY,-1.76,9845.11,GBP,NIMOB,46110026,93-86-07,Main Current Account
2024-10-22,TFL BUS JOURNEY,-1.76,9843.35,GBP,NIMOB,46110026,93-86-07,Main Current Account
2024-10-24,CONTRACT PAY,927.16,10770.51,GBP,NIMOB,46110026,93-86-07,Main Current Account
2024-10-25,LIDL MARKET,-48.31,10722.2,GBP,NIMOB,46110026,93-86-07,Main Current Account
2024-10-27,TRANSFER TO SAVINGS,-416.09,10306.11,GBP,NIMOB,46110026,93-86-07,Main Current Account
2024-10-28,CLIENT INVOICE PAYMENT,292.71,10598.82,GBP,NIMOB,46110026,93-86-07,Main Current Account
2024-10-28,TFL RAIL TRAVEL,-9.27,10589.55,GBP,NIMOB,46110026,93-86-07,Main Current Account
2024-10-30,CLIENT INVOICE PAYMENT,220.24,10809.79,GBP,NIMOB,46110026,93-86-07,Main Current Account
2024-10-30,TFL BUS JOURNEY,-1.76,10808.03,GBP,NIMOB,46110026,93-86-07,Main Current Account
2024-10-30,TFL BUS JOURNEY,-1.76,10806.27,GBP,NIMOB,46110026,93-86-07,Main Current Account
2024-10-31,TESCO SUPERMARKET,-56.21,10750.06,GBP,NIMOB,46110026,93-86-07,Main Current Account
2024-10-31,TFL BUS JOURNEY,-1.76,10748.3,GBP,NIMOB,46110026,93-86-07,Main Current Account
2024-10-31,TFL BUS JOURNEY,-1.76,10746.54,GBP,NIMOB,46110026,93-86-07,Main Current Account
2024-11-01,HOME RENT PAYMENT,-723.64,10022.9,GBP,NIMOB,46110026,93-86-07,Main Current Account
2024-11-01,TFL RAIL TRAVEL,-4.64,10018.26,GBP,NIMOB,46110026,93-86-07,Main Current Account
2024-11-03,LOCAL CAFE,-19.37,9998.89,GBP,NIMOB,46110026,93-86-07,Main Current Account
2024-11-04,TFL BUS JOURNEY,-1.76,9997.13,GBP,NIMOB,46110026,93-86-07,Main Current Account
2024-11-04,TFL BUS JOURNEY,-1.76,9995.37,GBP,NIMOB,46110026,93-86-07,Main Current Account
2024-11-05,TFL BUS JOURNEY,-1.76,9993.61,GBP,NIMOB,46110026,93-86-07,Main Current Account
2024-11-05,TFL BUS JOURNEY,-1.76,9991.85,GBP,NIMOB,46110026,93-86-07,Main Current Account
2024-11-06,FREELANCE CREDIT,1004.21,10996.06,GBP,NIMOB,46110026,93-86-07,Main Current Account
2024-11-06,TESCO SUPERMARKET,-12.59,10983.47,GBP,NIMOB,46110026,93-86-07,Main Current Account
2024-11-07,NIMO ENERGY,-70.23,10913.24,GBP,NIMOB,46110026,93-86-07,Main Current Account
2024-11-08,TFL BUS JOURNEY,-1.76,10911.48,GBP,NIMOB,46110026,93-86-07,Main Current Account
2024-11-08,TFL BUS JOURNEY,-1.76,10909.72,GBP,NIMOB,46110026,93-86-07,Main Current Account
2024-11-09,GYM MEMBERSHIP,-30.21,10879.51,GBP,NIMOB,46110026,93-86-07,Main Current Account
2024-11-09,NEIGHBOURHOOD PUB,-101.56,10777.95,GBP,NIMOB,46110026,93-86-07,Main Current Account
2024-11-10,VIDEO STREAMING,-8.05,10769.9,GBP,NIMOB,46110026,93-86-07,Main Current Account
2024-11-10,ALDI GROCERIES,-40.65,10729.25,GBP,NIMOB,46110026,93-86-07,Main Current Account
2024-11-12,FREELANCE CREDIT,694.64,11423.89,GBP,NIMOB,46110026,93-86-07,Main Current Account
2024-11-12,TFL RAIL TRAVEL,-6.45,11417.44,GBP,NIMOB,46110026,93-86-07,Main Current Account
2024-11-13,CONTRACT PAY,313.25,11730.69,GBP,NIMOB,46110026,93-86-07,Main Current Account
2024-11-13,TFL RAIL TRAVEL,-3.23,11727.46,GBP,NIMOB,46110026,93-86-07,Main Current Account
2024-11-14,TFL RAIL TRAVEL,-9.28,11718.18,GBP,NIMOB,46110026,93-86-07,Main Current Account
2024-11-15,CITY WATER,-31.92,11686.26,GBP,NIMOB,46110026,93-86-07,Main Current Account
2024-11-16,NEWS MEMBERSHIP,-8.56,11677.7,GBP,NIMOB,46110026,93-86-07,Main Current Account
2024-11-16,LIDL MARKET,-16.54,11661.16,GBP,NIMOB,46110026,93-86-07,Main Current Account
2024-11-16,CITY RESTAURANT,-65.75,11595.41,GBP,NIMOB,46110026,93-86-07,Main Current Account
2024-11-17,SAINSBURY STORE,-41.73,11553.68,GBP,NIMOB,46110026,93-86-07,Main Current Account
2024-11-17,CITY TAXI,-16.02,11537.66,GBP,NIMOB,46110026,93-86-07,Main Current Account
2024-11-18,CONTRACT PAY,381.95,11919.61,GBP,NIMOB,46110026,93-86-07,Main Current Account
2024-11-18,TFL RAIL TRAVEL,-6.45,11913.16,GBP,NIMOB,46110026,93-86-07,Main Current Account
2024-11-19,FREELANCE CREDIT,552.28,12465.44,GBP,NIMOB,46110026,93-86-07,Main Current Account
2024-11-19,TFL RAIL TRAVEL,-4.64,12460.8,GBP,NIMOB,46110026,93-86-07,Main Current Account
2024-11-20,BROADBAND SERVICE,-25.03,12435.77,GBP,NIMOB,46110026,93-86-07,Main Current Account
2024-11-20,TFL BUS JOURNEY,-1.76,12434.01,GBP,NIMOB,46110026,93-86-07,Main Current Account
2024-11-20,TFL BUS JOURNEY,-1.76,12432.25,GBP,NIMOB,46110026,93-86-07,Main Current Account
2024-11-21,TFL RAIL TRAVEL,-4.64,12427.61,GBP,NIMOB,46110026,93-86-07,Main Current Account
2024-11-22,MOBILE NETWORK,-19.36,12408.25,GBP,NIMOB,46110026,93-86-07,Main Current Account
2024-11-24,LIDL MARKET,-39.52,12368.73,GBP,NIMOB,46110026,93-86-07,Main Current Account
2024-11-25,TFL BUS JOURNEY,-1.77,12366.96,GBP,NIMOB,46110026,93-86-07,Main Current Account
2024-11-25,TFL BUS JOURNEY,-1.77,12365.19,GBP,NIMOB,46110026,93-86-07,Main Current Account
2024-11-27,CONTRACT PAY,310.19,12675.38,GBP,NIMOB,46110026,93-86-07,Main Current Account
2024-11-27,TFL BUS JOURNEY,-1.77,12673.61,GBP,NIMOB,46110026,93-86-07,Main Current Account
2024-11-27,TFL BUS JOURNEY,-1.77,12671.84,GBP,NIMOB,46110026,93-86-07,Main Current Account
2024-11-27,TRANSFER TO SAVINGS,-517.73,12154.11,GBP,NIMOB,46110026,93-86-07,Main Current Account
2024-11-28,TFL RAIL TRAVEL,-4.64,12149.47,GBP,NIMOB,46110026,93-86-07,Main Current Account
2024-11-29,FREELANCE CREDIT,276.23,12425.7,GBP,NIMOB,46110026,93-86-07,Main Current Account
2024-11-29,NEIGHBOURHOOD PUB,-15.34,12410.36,GBP,NIMOB,46110026,93-86-07,Main Current Account
2024-11-29,TFL RAIL TRAVEL,-3.23,12407.13,GBP,NIMOB,46110026,93-86-07,Main Current Account
2024-11-29,ONLINE SHOP,-61.78,12345.35,GBP,NIMOB,46110026,93-86-07,Main Current Account
2024-11-30,TESCO SUPERMARKET,-31.93,12313.42,GBP,NIMOB,46110026,93-86-07,Main Current Account
2024-11-30,CITY TAXI,-34.95,12278.47,GBP,NIMOB,46110026,93-86-07,Main Current Account
2024-12-01,HOME RENT PAYMENT,-724.6,11553.87,GBP,NIMOB,46110026,93-86-07,Main Current Account
2024-12-02,TFL BUS JOURNEY,-1.77,11552.1,GBP,NIMOB,46110026,93-86-07,Main Current Account
2024-12-02,TFL BUS JOURNEY,-1.77,11550.33,GBP,NIMOB,46110026,93-86-07,Main Current Account
2024-12-04,TFL RAIL TRAVEL,-3.23,11547.1,GBP,NIMOB,46110026,93-86-07,Main Current Account
2024-12-05,DELIVEROO TAKEAWAY,-20.39,11526.71,GBP,NIMOB,46110026,93-86-07,Main Current Account
2024-12-05,TFL BUS JOURNEY,-1.77,11524.94,GBP,NIMOB,46110026,93-86-07,Main Current Account
2024-12-05,TFL BUS JOURNEY,-1.77,11523.17,GBP,NIMOB,46110026,93-86-07,Main Current Account
2024-12-06,TESCO SUPERMARKET,-71.01,11452.16,GBP,NIMOB,46110026,93-86-07,Main Current Account
2024-12-06,TFL RAIL TRAVEL,-9.28,11442.88,GBP,NIMOB,46110026,93-86-07,Main Current Account
2024-12-07,NIMO ENERGY,-79.29,11363.59,GBP,NIMOB,46110026,93-86-07,Main Current Account
2024-12-08,DELIVEROO TAKEAWAY,-8.83,11354.76,GBP,NIMOB,46110026,93-86-07,Main Current Account
2024-12-09,GYM MEMBERSHIP,-30.23,11324.53,GBP,NIMOB,46110026,93-86-07,Main Current Account
2024-12-09,TFL BUS JOURNEY,-1.77,11322.76,GBP,NIMOB,46110026,93-86-07,Main Current Account
2024-12-09,TFL BUS JOURNEY,-1.77,11320.99,GBP,NIMOB,46110026,93-86-07,Main Current Account
2024-12-10,FREELANCE CREDIT,1113.93,12434.92,GBP,NIMOB,46110026,93-86-07,Main Current Account
2024-12-10,CONTRACT PAY,267.06,12701.98,GBP,NIMOB,46110026,93-86-07,Main Current Account
2024-12-10,VIDEO STREAMING,-8.05,12693.93,GBP,NIMOB,46110026,93-86-07,Main Current Account
2024-12-10,SAINSBURY STORE,-8.56,12685.37,GBP,NIMOB,46110026,93-86-07,Main Current Account
2024-12-10,TFL BUS JOURNEY,-1.77,12683.6,GBP,NIMOB,46110026,93-86-07,Main Current Account
2024-12-10,TFL BUS JOURNEY,-1.77,12681.83,GBP,NIMOB,46110026,93-86-07,Main Current Account
2024-12-12,TFL RAIL TRAVEL,-9.28,12672.55,GBP,NIMOB,46110026,93-86-07,Main Current Account
2024-12-13,TFL RAIL TRAVEL,-6.46,12666.09,GBP,NIMOB,46110026,93-86-07,Main Current Account
2024-12-14,ALDI GROCERIES,-37.58,12628.51,GBP,NIMOB,46110026,93-86-07,Main Current Account
2024-12-14,ALDI GROCERIES,-19.17,12609.34,GBP,NIMOB,46110026,93-86-07,Main Current Account
2024-12-14,CITY TAXI,-18.93,12590.41,GBP,NIMOB,46110026,93-86-07,Main Current Account
2024-12-15,CITY WATER,-31.82,12558.59,GBP,NIMOB,46110026,93-86-07,Main Current Account
2024-12-15,SAINSBURY STORE,-23.25,12535.34,GBP,NIMOB,46110026,93-86-07,Main Current Account
2024-12-16,NEWS MEMBERSHIP,-8.57,12526.77,GBP,NIMOB,46110026,93-86-07,Main Current Account
2024-12-17,CONTRACT PAY,939.54,13466.31,GBP,NIMOB,46110026,93-86-07,Main Current Account
2024-12-17,ALDI GROCERIES,-28.28,13438.03,GBP,NIMOB,46110026,93-86-07,Main Current Account
2024-12-17,TFL RAIL TRAVEL,-9.28,13428.75,GBP,NIMOB,46110026,93-86-07,Main Current Account
2024-12-18,TFL BUS JOURNEY,-1.77,13426.98,GBP,NIMOB,46110026,93-86-07,Main Current Account
2024-12-18,TFL BUS JOURNEY,-1.77,13425.21,GBP,NIMOB,46110026,93-86-07,Main Current Account
2024-12-19,CONTRACT PAY,546.77,13971.98,GBP,NIMOB,46110026,93-86-07,Main Current Account
2024-12-19,CONTRACT PAY,1136.65,15108.63,GBP,NIMOB,46110026,93-86-07,Main Current Account
2024-12-19,LOCAL CAFE,-22.44,15086.19,GBP,NIMOB,46110026,93-86-07,Main Current Account
2024-12-20,BROADBAND SERVICE,-26.76,15059.43,GBP,NIMOB,46110026,93-86-07,Main Current Account
2024-12-22,MOBILE NETWORK,-20.33,15039.1,GBP,NIMOB,46110026,93-86-07,Main Current Account
2024-12-22,CITY RESTAURANT,-54.16,14984.94,GBP,NIMOB,46110026,93-86-07,Main Current Account
2024-12-22,CITY TAXI,-24.5,14960.44,GBP,NIMOB,46110026,93-86-07,Main Current Account
2024-12-23,CONTRACT PAY,287.45,15247.89,GBP,NIMOB,46110026,93-86-07,Main Current Account
2024-12-24,TFL BUS JOURNEY,-1.77,15246.12,GBP,NIMOB,46110026,93-86-07,Main Current Account
2024-12-24,TFL BUS JOURNEY,-1.77,15244.35,GBP,NIMOB,46110026,93-86-07,Main Current Account
2024-12-25,FREELANCE CREDIT,444.9,15689.25,GBP,NIMOB,46110026,93-86-07,Main Current Account
2024-12-26,CLIENT INVOICE PAYMENT,800.79,16490.04,GBP,NIMOB,46110026,93-86-07,Main Current Account
2024-12-26,SAINSBURY STORE,-47.75,16442.29,GBP,NIMOB,46110026,93-86-07,Main Current Account
2024-12-26,TFL BUS JOURNEY,-1.77,16440.52,GBP,NIMOB,46110026,93-86-07,Main Current Account
2024-12-26,TFL BUS JOURNEY,-1.77,16438.75,GBP,NIMOB,46110026,93-86-07,Main Current Account
2024-12-27,FREELANCE CREDIT,1072.0,17510.75,GBP,NIMOB,46110026,93-86-07,Main Current Account
2024-12-27,CLIENT INVOICE PAYMENT,416.24,17926.99,GBP,NIMOB,46110026,93-86-07,Main Current Account
2024-12-27,LOCAL CAFE,-58.76,17868.23,GBP,NIMOB,46110026,93-86-07,Main Current Account
2024-12-27,TRANSFER TO SAVINGS,-349.35,17518.88,GBP,NIMOB,46110026,93-86-07,Main Current Account
2024-12-28,LOCAL CAFE,-16.21,17502.67,GBP,NIMOB,46110026,93-86-07,Main Current Account
2024-12-29,SAINSBURY STORE,-56.05,17446.62,GBP,NIMOB,46110026,93-86-07,Main Current Account
2024-12-30,FREELANCE CREDIT,330.08,17776.7,GBP,NIMOB,46110026,93-86-07,Main Current Account
2024-12-31,TFL BUS JOURNEY,-1.77,17774.93,GBP,NIMOB,46110026,93-86-07,Main Current Account
2024-12-31,TFL BUS JOURNEY,-1.77,17773.16,GBP,NIMOB,46110026,93-86-07,Main Current Account
2025-01-01,HOME RENT PAYMENT,-725.59,17047.57,GBP,NIMOB,46110026,93-86-07,Main Current Account
2025-01-01,TFL RAIL TRAVEL,-6.46,17041.11,GBP,NIMOB,46110026,93-86-07,Main Current Account
2025-01-03,TESCO SUPERMARKET,-26.25,17014.86,GBP,NIMOB,46110026,93-86-07,Main Current Account
2025-01-03,TFL BUS JOURNEY,-1.77,17013.09,GBP,NIMOB,46110026,93-86-07,Main Current Account
2025-01-03,TFL BUS JOURNEY,-1.77,17011.32,GBP,NIMOB,46110026,93-86-07,Main Current Account
2025-01-04,CITY DEPARTMENT STORE,-11.82,16999.5,GBP,NIMOB,46110026,93-86-07,Main Current Account
2025-01-05,TESCO SUPERMARKET,-13.37,16986.13,GBP,NIMOB,46110026,93-86-07,Main Current Account
2025-01-06,FREELANCE CREDIT,248.86,17234.99,GBP,NIMOB,46110026,93-86-07,Main Current Account
2025-01-07,NIMO ENERGY,-82.21,17152.78,GBP,NIMOB,46110026,93-86-07,Main Current Account
2025-01-07,TFL BUS JOURNEY,-1.77,17151.01,GBP,NIMOB,46110026,93-86-07,Main Current Account
2025-01-07,TFL BUS JOURNEY,-1.77,17149.24,GBP,NIMOB,46110026,93-86-07,Main Current Account
2025-01-09,GYM MEMBERSHIP,-30.25,17118.99,GBP,NIMOB,46110026,93-86-07,Main Current Account
2025-01-10,VIDEO STREAMING,-8.06,17110.93,GBP,NIMOB,46110026,93-86-07,Main Current Account
2025-01-10,TFL RAIL TRAVEL,-6.46,17104.47,GBP,NIMOB,46110026,93-86-07,Main Current Account
2025-01-11,LIDL MARKET,-34.13,17070.34,GBP,NIMOB,46110026,93-86-07,Main Current Account
2025-01-11,LIDL MARKET,-33.5,17036.84,GBP,NIMOB,46110026,93-86-07,Main Current Account
2025-01-11,NEIGHBOURHOOD PUB,-10.76,17026.08,GBP,NIMOB,46110026,93-86-07,Main Current Account
2025-01-11,CITY TAXI,-11.62,17014.46,GBP,NIMOB,46110026,93-86-07,Main Current Account
2025-01-12,CITY TAXI,-14.97,16999.49,GBP,NIMOB,46110026,93-86-07,Main Current Account
2025-01-12,CITY DEPARTMENT STORE,-103.04,16896.45,GBP,NIMOB,46110026,93-86-07,Main Current Account
2025-01-13,TFL BUS JOURNEY,-1.77,16894.68,GBP,NIMOB,46110026,93-86-07,Main Current Account
2025-01-13,TFL BUS JOURNEY,-1.77,16892.91,GBP,NIMOB,46110026,93-86-07,Main Current Account
2025-01-14,TFL RAIL TRAVEL,-6.46,16886.45,GBP,NIMOB,46110026,93-86-07,Main Current Account
2025-01-15,CONTRACT PAY,665.67,17552.12,GBP,NIMOB,46110026,93-86-07,Main Current Account
2025-01-15,CITY WATER,-33.97,17518.15,GBP,NIMOB,46110026,93-86-07,Main Current Account
2025-01-16,NEWS MEMBERSHIP,-8.58,17509.57,GBP,NIMOB,46110026,93-86-07,Main Current Account
2025-01-17,LIDL MARKET,-25.42,17484.15,GBP,NIMOB,46110026,93-86-07,Main Current Account
2025-01-17,DELIVEROO TAKEAWAY,-19.0,17465.15,GBP,NIMOB,46110026,93-86-07,Main Current Account
2025-01-18,SAINSBURY STORE,-254.48,17210.67,GBP,NIMOB,46110026,93-86-07,Main Current Account
2025-01-20,BROADBAND SERVICE,-23.83,17186.84,GBP,NIMOB,46110026,93-86-07,Main Current Account
2025-01-20,TFL BUS JOURNEY,-1.77,17185.07,GBP,NIMOB,46110026,93-86-07,Main Current Account
2025-01-20,TFL BUS JOURNEY,-1.77,17183.3,GBP,NIMOB,46110026,93-86-07,Main Current Account
2025-01-21,CLIENT INVOICE PAYMENT,189.17,17372.47,GBP,NIMOB,46110026,93-86-07,Main Current Account
2025-01-21,LIDL MARKET,-54.23,17318.24,GBP,NIMOB,46110026,93-86-07,Main Current Account
2025-01-21,TFL BUS JOURNEY,-1.77,17316.47,GBP,NIMOB,46110026,93-86-07,Main Current Account
2025-01-21,TFL BUS JOURNEY,-1.77,17314.7,GBP,NIMOB,46110026,93-86-07,Main Current Account
2025-01-22,MOBILE NETWORK,-19.85,17294.85,GBP,NIMOB,46110026,93-86-07,Main Current Account
2025-01-22,TFL BUS JOURNEY,-1.77,17293.08,GBP,NIMOB,46110026,93-86-07,Main Current Account
2025-01-22,TFL BUS JOURNEY,-1.77,17291.31,GBP,NIMOB,46110026,93-86-07,Main Current Account
2025-01-23,TFL RAIL TRAVEL,-3.23,17288.08,GBP,NIMOB,46110026,93-86-07,Main Current Account
2025-01-24,TFL RAIL TRAVEL,-9.29,17278.79,GBP,NIMOB,46110026,93-86-07,Main Current Account
2025-01-25,LIDL MARKET,-13.21,17265.58,GBP,NIMOB,46110026,93-86-07,Main Current Account
2025-01-26,CITY TAXI,-16.68,17248.9,GBP,NIMOB,46110026,93-86-07,Main Current Account
2025-01-27,LOCAL CAFE,-30.42,17218.48,GBP,NIMOB,46110026,93-86-07,Main Current Account
2025-01-28,TFL RAIL TRAVEL,-3.23,17215.25,GBP,NIMOB,46110026,93-86-07,Main Current Account
2025-01-29,TFL BUS JOURNEY,-1.77,17213.48,GBP,NIMOB,46110026,93-86-07,Main Current Account
2025-01-29,TFL BUS JOURNEY,-1.77,17211.71,GBP,NIMOB,46110026,93-86-07,Main Current Account
2025-01-30,TFL RAIL TRAVEL,-4.65,17207.06,GBP,NIMOB,46110026,93-86-07,Main Current Account
2025-01-31,TFL RAIL TRAVEL,-3.23,17203.83,GBP,NIMOB,46110026,93-86-07,Main Current Account
2025-02-01,HOME RENT PAYMENT,-726.58,16477.25,GBP,NIMOB,46110026,93-86-07,Main Current Account
2025-02-01,CITY DEPARTMENT STORE,-58.96,16418.29,GBP,NIMOB,46110026,93-86-07,Main Current Account
2025-02-02,ALDI GROCERIES,-6.77,16411.52,GBP,NIMOB,46110026,93-86-07,Main Current Account
2025-02-02,CITY RESTAURANT,-16.48,16395.04,GBP,NIMOB,46110026,93-86-07,Main Current Account
2025-02-04,TFL RAIL TRAVEL,-4.65,16390.39,GBP,NIMOB,46110026,93-86-07,Main Current Account
2025-02-05,CLIENT INVOICE PAYMENT,716.43,17106.82,GBP,NIMOB,46110026,93-86-07,Main Current Account
2025-02-05,TFL BUS JOURNEY,-1.77,17105.05,GBP,NIMOB,46110026,93-86-07,Main Current Account
2025-02-05,TFL BUS JOURNEY,-1.77,17103.28,GBP,NIMOB,46110026,93-86-07,Main Current Account
2025-02-06,FREELANCE CREDIT,778.36,17881.64,GBP,NIMOB,46110026,93-86-07,Main Current Account
2025-02-06,LIDL MARKET,-44.9,17836.74,GBP,NIMOB,46110026,93-86-07,Main Current Account
2025-02-07,NIMO ENERGY,-74.13,17762.61,GBP,NIMOB,46110026,93-86-07,Main Current Account
2025-02-07,TFL BUS JOURNEY,-1.77,17760.84,GBP,NIMOB,46110026,93-86-07,Main Current Account
2025-02-07,TFL BUS JOURNEY,-1.77,17759.07,GBP,NIMOB,46110026,93-86-07,Main Current Account
2025-02-07,LOCAL PHARMACY,-10.06,17749.01,GBP,NIMOB,46110026,93-86-07,Main Current Account
2025-02-09,GYM MEMBERSHIP,-30.28,17718.73,GBP,NIMOB,46110026,93-86-07,Main Current Account
2025-02-09,SAINSBURY STORE,-46.79,17671.94,GBP,NIMOB,46110026,93-86-07,Main Current Account
2025-02-10,VIDEO STREAMING,-8.07,17663.87,GBP,NIMOB,46110026,93-86-07,Main Current Account
2025-02-10,TFL RAIL TRAVEL,-3.23,17660.64,GBP,NIMOB,46110026,93-86-07,Main Current Account
2025-02-11,TFL RAIL TRAVEL,-6.47,17654.17,GBP,NIMOB,46110026,93-86-07,Main Current Account
2025-02-12,TFL BUS JOURNEY,-1.77,17652.4,GBP,NIMOB,46110026,93-86-07,Main Current Account
2025-02-12,TFL BUS JOURNEY,-1.77,17650.63,GBP,NIMOB,46110026,93-86-07,Main Current Account
2025-02-13,ALDI GROCERIES,-26.48,17624.15,GBP,NIMOB,46110026,93-86-07,Main Current Account
2025-02-14,ALDI GROCERIES,-11.15,17613.0,GBP,NIMOB,46110026,93-86-07,Main Current Account
2025-02-14,TFL BUS JOURNEY,-1.77,17611.23,GBP,NIMOB,46110026,93-86-07,Main Current Account
2025-02-14,TFL BUS JOURNEY,-1.77,17609.46,GBP,NIMOB,46110026,93-86-07,Main Current Account
2025-02-15,CITY WATER,-32.95,17576.51,GBP,NIMOB,46110026,93-86-07,Main Current Account
2025-02-15,CITY TAXI,-24.73,17551.78,GBP,NIMOB,46110026,93-86-07,Main Current Account
2025-02-15,AMAZON MARKETPLACE,-45.7,17506.08,GBP,NIMOB,46110026,93-86-07,Main Current Account
2025-02-16,NEWS MEMBERSHIP,-8.58,17497.5,GBP,NIMOB,46110026,93-86-07,Main Current Account
2025-02-16,CITY TAXI,-13.21,17484.29,GBP,NIMOB,46110026,93-86-07,Main Current Account
2025-02-17,TFL RAIL TRAVEL,-4.65,17479.64,GBP,NIMOB,46110026,93-86-07,Main Current Account
2025-02-18,FREELANCE CREDIT,259.83,17739.47,GBP,NIMOB,46110026,93-86-07,Main Current Account
2025-02-20,BROADBAND SERVICE,-24.61,17714.86,GBP,NIMOB,46110026,93-86-07,Main Current Account
2025-02-20,TFL BUS JOURNEY,-1.77,17713.09,GBP,NIMOB,46110026,93-86-07,Main Current Account
2025-02-20,TFL BUS JOURNEY,-1.77,17711.32,GBP,NIMOB,46110026,93-86-07,Main Current Account
2025-02-21,TFL RAIL TRAVEL,-3.23,17708.09,GBP,NIMOB,46110026,93-86-07,Main Current Account
2025-02-22,MOBILE NETWORK,-20.86,17687.23,GBP,NIMOB,46110026,93-86-07,Main Current Account
2025-02-22,TESCO SUPERMARKET,-25.0,17662.23,GBP,NIMOB,46110026,93-86-07,Main Current Account
2025-02-24,TFL BUS JOURNEY,-1.77,17660.46,GBP,NIMOB,46110026,93-86-07,Main Current Account
2025-02-24,TFL BUS JOURNEY,-1.77,17658.69,GBP,NIMOB,46110026,93-86-07,Main Current Account
2025-02-25,TFL RAIL TRAVEL,-4.65,17654.04,GBP,NIMOB,46110026,93-86-07,Main Current Account
2025-02-26,TFL BUS JOURNEY,-1.77,17652.27,GBP,NIMOB,46110026,93-86-07,Main Current Account
2025-02-26,TFL BUS JOURNEY,-1.77,17650.5,GBP,NIMOB,46110026,93-86-07,Main Current Account
2025-02-27,FREELANCE CREDIT,206.87,17857.37,GBP,NIMOB,46110026,93-86-07,Main Current Account
2025-02-27,TFL RAIL TRAVEL,-4.65,17852.72,GBP,NIMOB,46110026,93-86-07,Main Current Account
2025-02-27,TRANSFER TO SAVINGS,-522.2,17330.52,GBP,NIMOB,46110026,93-86-07,Main Current Account
2025-02-28,TFL BUS JOURNEY,-1.77,17328.75,GBP,NIMOB,46110026,93-86-07,Main Current Account
2025-02-28,TFL BUS JOURNEY,-1.77,17326.98,GBP,NIMOB,46110026,93-86-07,Main Current Account
2025-03-01,HOME RENT PAYMENT,-727.48,16599.5,GBP,NIMOB,46110026,93-86-07,Main Current Account
2025-03-01,TESCO SUPERMARKET,-19.23,16580.27,GBP,NIMOB,46110026,93-86-07,Main Current Account
2025-03-01,NEIGHBOURHOOD PUB,-25.88,16554.39,GBP,NIMOB,46110026,93-86-07,Main Current Account
2025-03-03,TESCO SUPERMARKET,-40.78,16513.61,GBP,NIMOB,46110026,93-86-07,Main Current Account
2025-03-03,TFL RAIL TRAVEL,-6.47,16507.14,GBP,NIMOB,46110026,93-86-07,Main Current Account
2025-03-05,FREELANCE CREDIT,342.12,16849.26,GBP,NIMOB,46110026,93-86-07,Main Current Account
2025-03-05,TFL BUS JOURNEY,-1.77,16847.49,GBP,NIMOB,46110026,93-86-07,Main Current Account
2025-03-05,TFL BUS JOURNEY,-1.77,16845.72,GBP,NIMOB,46110026,93-86-07,Main Current Account
2025-03-06,TFL BUS JOURNEY,-1.77,16843.95,GBP,NIMOB,46110026,93-86-07,Main Current Account
2025-03-06,TFL BUS JOURNEY,-1.77,16842.18,GBP,NIMOB,46110026,93-86-07,Main Current Account
2025-03-07,CLIENT INVOICE PAYMENT,260.65,17102.83,GBP,NIMOB,46110026,93-86-07,Main Current Account
2025-03-07,CONTRACT PAY,187.31,17290.14,GBP,NIMOB,46110026,93-86-07,Main Current Account
2025-03-07,NIMO ENERGY,-72.06,17218.08,GBP,NIMOB,46110026,93-86-07,Main Current Account
2025-03-07,TFL BUS JOURNEY,-1.77,17216.31,GBP,NIMOB,46110026,93-86-07,Main Current Account
2025-03-07,TFL BUS JOURNEY,-1.77,17214.54,GBP,NIMOB,46110026,93-86-07,Main Current Account
2025-03-09,GYM MEMBERSHIP,-30.3,17184.24,GBP,NIMOB,46110026,93-86-07,Main Current Account
2025-03-09,ALDI GROCERIES,-13.5,17170.74,GBP,NIMOB,46110026,93-86-07,Main Current Account
2025-03-09,CITY TAXI,-20.37,17150.37,GBP,NIMOB,46110026,93-86-07,Main Current Account
2025-03-10,CONTRACT PAY,286.65,17437.02,GBP,NIMOB,46110026,93-86-07,Main Current Account
2025-03-10,VIDEO STREAMING,-8.07,17428.95,GBP,NIMOB,46110026,93-86-07,Main Current Account
2025-03-10,TFL BUS JOURNEY,-1.77,17427.18,GBP,NIMOB,46110026,93-86-07,Main Current Account
2025-03-10,TFL BUS JOURNEY,-1.77,17425.41,GBP,NIMOB,46110026,93-86-07,Main Current Account
2025-03-11,CONTRACT PAY,125.15,17550.56,GBP,NIMOB,46110026,93-86-07,Main Current Account
2025-03-13,CONTRACT PAY,721.89,18272.45,GBP,NIMOB,46110026,93-86-07,Main Current Account
2025-03-13,TFL RAIL TRAVEL,-6.47,18265.98,GBP,NIMOB,46110026,93-86-07,Main Current Account
2025-03-14,CONTRACT PAY,739.06,19005.04,GBP,NIMOB,46110026,93-86-07,Main Current Account
2025-03-14,FREELANCE CREDIT,630.47,19635.51,GBP,NIMOB,46110026,93-86-07,Main Current Account
2025-03-14,SAINSBURY STORE,-62.12,19573.39,GBP,NIMOB,46110026,93-86-07,Main Current Account
2025-03-15,CITY WATER,-28.86,19544.53,GBP,NIMOB,46110026,93-86-07,Main Current Account
2025-03-16,NEWS MEMBERSHIP,-8.59,19535.94,GBP,NIMOB,46110026,93-86-07,Main Current Account
2025-03-16,CITY TAXI,-15.47,19520.47,GBP,NIMOB,46110026,93-86-07,Main Current Account
2025-03-18,TFL BUS JOURNEY,-1.77,19518.7,GBP,NIMOB,46110026,93-86-07,Main Current Account
2025-03-18,TFL BUS JOURNEY,-1.77,19516.93,GBP,NIMOB,46110026,93-86-07,Main Current Account
2025-03-19,TFL BUS JOURNEY,-1.77,19515.16,GBP,NIMOB,46110026,93-86-07,Main Current Account
2025-03-19,TFL BUS JOURNEY,-1.77,19513.39,GBP,NIMOB,46110026,93-86-07,Main Current Account
2025-03-20,BROADBAND SERVICE,-23.18,19490.21,GBP,NIMOB,46110026,93-86-07,Main Current Account
2025-03-21,CLIENT INVOICE PAYMENT,272.92,19763.13,GBP,NIMOB,46110026,93-86-07,Main Current Account
2025-03-21,TFL BUS JOURNEY,-1.77,19761.36,GBP,NIMOB,46110026,93-86-07,Main Current Account
2025-03-21,TFL BUS JOURNEY,-1.77,19759.59,GBP,NIMOB,46110026,93-86-07,Main Current Account
2025-03-21,CITY DEPARTMENT STORE,-80.49,19679.1,GBP,NIMOB,46110026,93-86-07,Main Current Account
2025-03-22,MOBILE NETWORK,-19.58,19659.52,GBP,NIMOB,46110026,93-86-07,Main Current Account
2025-03-22,TESCO SUPERMARKET,-45.23,19614.29,GBP,NIMOB,46110026,93-86-07,Main Current Account
2025-03-23,ALDI GROCERIES,-8.95,19605.34,GBP,NIMOB,46110026,93-86-07,Main Current Account
2025-03-24,CLIENT INVOICE PAYMENT,274.18,19879.52,GBP,NIMOB,46110026,93-86-07,Main Current Account
2025-03-24,TFL BUS JOURNEY,-1.77,19877.75,GBP,NIMOB,46110026,93-86-07,Main Current Account
2025-03-24,TFL BUS JOURNEY,-1.77,19875.98,GBP,NIMOB,46110026,93-86-07,Main Current Account
2025-03-25,TFL RAIL TRAVEL,-6.48,19869.5,GBP,NIMOB,46110026,93-86-07,Main Current Account
2025-03-26,TFL BUS JOURNEY,-1.77,19867.73,GBP,NIMOB,46110026,93-86-07,Main Current Account
2025-03-26,TFL BUS JOURNEY,-1.77,19865.96,GBP,NIMOB,46110026,93-86-07,Main Current Account
2025-03-26,ELECTRONICS STORE,-169.91,19696.05,GBP,NIMOB,46110026,93-86-07,Main Current Account
2025-03-27,TFL RAIL TRAVEL,-9.31,19686.74,GBP,NIMOB,46110026,93-86-07,Main Current Account
2025-03-27,TRANSFER TO SAVINGS,-560.31,19126.43,GBP,NIMOB,46110026,93-86-07,Main Current Account
2025-03-28,TFL BUS JOURNEY,-1.77,19124.66,GBP,NIMOB,46110026,93-86-07,Main Current Account
2025-03-28,TFL BUS JOURNEY,-1.77,19122.89,GBP,NIMOB,46110026,93-86-07,Main Current Account
2025-03-29,TESCO SUPERMARKET,-21.58,19101.31,GBP,NIMOB,46110026,93-86-07,Main Current Account
2025-03-29,DELIVEROO TAKEAWAY,-20.33,19080.98,GBP,NIMOB,46110026,93-86-07,Main Current Account
2025-03-29,LOCAL CAFE,-20.51,19060.47,GBP,NIMOB,46110026,93-86-07,Main Current Account
2025-03-31,TFL BUS JOURNEY,-1.77,19058.7,GBP,NIMOB,46110026,93-86-07,Main Current Account
2025-03-31,TFL BUS JOURNEY,-1.77,19056.93,GBP,NIMOB,46110026,93-86-07,Main Current Account
2025-04-01,HOME RENT PAYMENT,-728.47,18328.46,GBP,NIMOB,46110026,93-86-07,Main Current Account
2025-04-01,TFL BUS JOURNEY,-1.77,18326.69,GBP,NIMOB,46110026,93-86-07,Main Current Account
2025-04-01,TFL BUS JOURNEY,-1.77,18324.92,GBP,NIMOB,46110026,93-86-07,Main Current Account
2025-04-02,CLIENT INVOICE PAYMENT,777.19,19102.11,GBP,NIMOB,46110026,93-86-07,Main Current Account
2025-04-03,CONTRACT PAY,624.9,19727.01,GBP,NIMOB,46110026,93-86-07,Main Current Account
2025-04-03,TFL BUS JOURNEY,-1.77,19725.24,GBP,NIMOB,46110026,93-86-07,Main Current Account
2025-04-03,TFL BUS JOURNEY,-1.77,19723.47,GBP,NIMOB,46110026,93-86-07,Main Current Account
2025-04-04,SAINSBURY STORE,-39.67,19683.8,GBP,NIMOB,46110026,93-86-07,Main Current Account
2025-04-04,TFL BUS JOURNEY,-1.77,19682.03,GBP,NIMOB,46110026,93-86-07,Main Current Account
2025-04-04,TFL BUS JOURNEY,-1.77,19680.26,GBP,NIMOB,46110026,93-86-07,Main Current Account
2025-04-06,DELIVEROO TAKEAWAY,-60.92,19619.34,GBP,NIMOB,46110026,93-86-07,Main Current Account
2025-04-06,DELIVEROO TAKEAWAY,-10.58,19608.76,GBP,NIMOB,46110026,93-86-07,Main Current Account
2025-04-07,NIMO ENERGY,-74.05,19534.71,GBP,NIMOB,46110026,93-86-07,Main Current Account
2025-04-07,TESCO SUPERMARKET,-49.46,19485.25,GBP,NIMOB,46110026,93-86-07,Main Current Account
2025-04-07,CITY RESTAURANT,-14.23,19471.02,GBP,NIMOB,46110026,93-86-07,Main Current Account
2025-04-07,TFL BUS JOURNEY,-1.77,19469.25,GBP,NIMOB,46110026,93-86-07,Main Current Account
2025-04-07,TFL BUS JOURNEY,-1.77,19467.48,GBP,NIMOB,46110026,93-86-07,Main Current Account
2025-04-08,ALDI GROCERIES,-131.58,19335.9,GBP,NIMOB,46110026,93-86-07,Main Current Account
2025-04-08,TFL BUS JOURNEY,-1.77,19334.13,GBP,NIMOB,46110026,93-86-07,Main Current Account
2025-04-08,TFL BUS JOURNEY,-1.77,19332.36,GBP,NIMOB,46110026,93-86-07,Main Current Account
2025-04-09,GYM MEMBERSHIP,-30.32,19302.04,GBP,NIMOB,46110026,93-86-07,Main Current Account
2025-04-10,VIDEO STREAMING,-8.08,19293.96,GBP,NIMOB,46110026,93-86-07,Main Current Account
2025-04-10,TFL RAIL TRAVEL,-6.48,19287.48,GBP,NIMOB,46110026,93-86-07,Main Current Account
2025-04-11,CLIENT INVOICE PAYMENT,1344.02,20631.5,GBP,NIMOB,46110026,93-86-07,Main Current Account
2025-04-11,FREELANCE CREDIT,717.45,21348.95,GBP,NIMOB,46110026,93-86-07,Main Current Account
2025-04-11,TFL BUS JOURNEY,-1.77,21347.18,GBP,NIMOB,46110026,93-86-07,Main Current Account
2025-04-11,TFL BUS JOURNEY,-1.77,21345.41,GBP,NIMOB,46110026,93-86-07,Main Current Account
2025-04-12,ELECTRONICS STORE,-43.01,21302.4,GBP,NIMOB,46110026,93-86-07,Main Current Account
2025-04-13,ALDI GROCERIES,-26.42,21275.98,GBP,NIMOB,46110026,93-86-07,Main Current Account
2025-04-13,LIDL MARKET,-38.61,21237.37,GBP,NIMOB,46110026,93-86-07,Main Current Account
2025-04-14,TESCO SUPERMARKET,-56.22,21181.15,GBP,NIMOB,46110026,93-86-07,Main Current Account
2025-04-15,CONTRACT PAY,823.82,22004.97,GBP,NIMOB,46110026,93-86-07,Main Current Account
2025-04-15,CITY WATER,-31.37,21973.6,GBP,NIMOB,46110026,93-86-07,Main Current Account
2025-04-15,TFL BUS JOURNEY,-1.77,21971.83,GBP,NIMOB,46110026,93-86-07,Main Current Account
2025-04-15,TFL BUS JOURNEY,-1.77,21970.06,GBP,NIMOB,46110026,93-86-07,Main Current Account
2025-04-16,CLIENT INVOICE PAYMENT,575.92,22545.98,GBP,NIMOB,46110026,93-86-07,Main Current Account
2025-04-16,NEWS MEMBERSHIP,-8.59,22537.39,GBP,NIMOB,46110026,93-86-07,Main Current Account
2025-04-16,TFL BUS JOURNEY,-1.77,22535.62,GBP,NIMOB,46110026,93-86-07,Main Current Account
2025-04-16,TFL BUS JOURNEY,-1.77,22533.85,GBP,NIMOB,46110026,93-86-07,Main Current Account
2025-04-17,TFL BUS JOURNEY,-1.77,22532.08,GBP,NIMOB,46110026,93-86-07,Main Current Account
2025-04-17,TFL BUS JOURNEY,-1.77,22530.31,GBP,NIMOB,46110026,93-86-07,Main Current Account
2025-04-18,LOCAL CAFE,-53.85,22476.46,GBP,NIMOB,46110026,93-86-07,Main Current Account
2025-04-20,BROADBAND SERVICE,-25.78,22450.68,GBP,NIMOB,46110026,93-86-07,Main Current Account
2025-04-21,FREELANCE CREDIT,283.75,22734.43,GBP,NIMOB,46110026,93-86-07,Main Current Account
2025-04-21,FREELANCE CREDIT,1638.56,24372.99,GBP,NIMOB,46110026,93-86-07,Main Current Account
2025-04-21,TFL BUS JOURNEY,-1.77,24371.22,GBP,NIMOB,46110026,93-86-07,Main Current Account
2025-04-21,TFL BUS JOURNEY,-1.77,24369.45,GBP,NIMOB,46110026,93-86-07,Main Current Account
2025-04-22,MOBILE NETWORK,-22.24,24347.21,GBP,NIMOB,46110026,93-86-07,Main Current Account
2025-04-22,TFL BUS JOURNEY,-1.77,24345.44,GBP,NIMOB,46110026,93-86-07,Main Current Account
2025-04-22,TFL BUS JOURNEY,-1.77,24343.67,GBP,NIMOB,46110026,93-86-07,Main Current Account
2025-04-23,FREELANCE CREDIT,243.02,24586.69,GBP,NIMOB,46110026,93-86-07,Main Current Account
2025-04-23,TFL RAIL TRAVEL,-4.66,24582.03,GBP,NIMOB,46110026,93-86-07,Main Current Account
2025-04-24,TFL BUS JOURNEY,-1.77,24580.26,GBP,NIMOB,46110026,93-86-07,Main Current Account
2025-04-24,TFL BUS JOURNEY,-1.77,24578.49,GBP,NIMOB,46110026,93-86-07,Main Current Account
2025-04-25,TFL BUS JOURNEY,-1.77,24576.72,GBP,NIMOB,46110026,93-86-07,Main Current Account
2025-04-25,TFL BUS JOURNEY,-1.77,24574.95,GBP,NIMOB,46110026,93-86-07,Main Current Account
2025-04-26,TESCO SUPERMARKET,-50.57,24524.38,GBP,NIMOB,46110026,93-86-07,Main Current Account
2025-04-26,CITY RESTAURANT,-50.97,24473.41,GBP,NIMOB,46110026,93-86-07,Main Current Account
2025-04-27,TRANSFER TO SAVINGS,-533.58,23939.83,GBP,NIMOB,46110026,93-86-07,Main Current Account
2025-04-30,CLIENT INVOICE PAYMENT,419.89,24359.72,GBP,NIMOB,46110026,93-86-07,Main Current Account
2025-04-30,LIDL MARKET,-38.8,24320.92,GBP,NIMOB,46110026,93-86-07,Main Current Account
2025-04-30,TFL BUS JOURNEY,-1.77,24319.15,GBP,NIMOB,46110026,93-86-07,Main Current Account
2025-04-30,TFL BUS JOURNEY,-1.77,24317.38,GBP,NIMOB,46110026,93-86-07,Main Current Account
2025-05-01,HOME RENT PAYMENT,-729.44,23587.94,GBP,NIMOB,46110026,93-86-07,Main Current Account
2025-05-02,TFL BUS JOURNEY,-1.77,23586.17,GBP,NIMOB,46110026,93-86-07,Main Current Account
2025-05-02,TFL BUS JOURNEY,-1.77,23584.4,GBP,NIMOB,46110026,93-86-07,Main Current Account
2025-05-04,LIDL MARKET,-27.77,23556.63,GBP,NIMOB,46110026,93-86-07,Main Current Account
2025-05-05,TESCO SUPERMARKET,-52.96,23503.67,GBP,NIMOB,46110026,93-86-07,Main Current Account
2025-05-05,TFL RAIL TRAVEL,-4.66,23499.01,GBP,NIMOB,46110026,93-86-07,Main Current Account
2025-05-07,NIMO ENERGY,-81.81,23417.2,GBP,NIMOB,46110026,93-86-07,Main Current Account
2025-05-07,TFL BUS JOURNEY,-1.77,23415.43,GBP,NIMOB,46110026,93-86-07,Main Current Account
2025-05-07,TFL BUS JOURNEY,-1.77,23413.66,GBP,NIMOB,46110026,93-86-07,Main Current Account
2025-05-08,ALDI GROCERIES,-43.96,23369.7,GBP,NIMOB,46110026,93-86-07,Main Current Account
2025-05-08,TFL BUS JOURNEY,-1.77,23367.93,GBP,NIMOB,46110026,93-86-07,Main Current Account
2025-05-08,TFL BUS JOURNEY,-1.77,23366.16,GBP,NIMOB,46110026,93-86-07,Main Current Account
2025-05-09,GYM MEMBERSHIP,-30.34,23335.82,GBP,NIMOB,46110026,93-86-07,Main Current Account
2025-05-10,VIDEO STREAMING,-8.08,23327.74,GBP,NIMOB,46110026,93-86-07,Main Current Account
2025-05-10,ALDI GROCERIES,-36.13,23291.61,GBP,NIMOB,46110026,93-86-07,Main Current Account
2025-05-10,EMERGENCY HOME REPAIR,-486.29,22805.32,GBP,NIMOB,46110026,93-86-07,Main Current Account
2025-05-11,CITY TAXI,-10.32,22795.0,GBP,NIMOB,46110026,93-86-07,Main Current Account
2025-05-12,TFL BUS JOURNEY,-1.77,22793.23,GBP,NIMOB,46110026,93-86-07,Main Current Account
2025-05-12,TFL BUS JOURNEY,-1.77,22791.46,GBP,NIMOB,46110026,93-86-07,Main Current Account
2025-05-13,CONTRACT PAY,741.23,23532.69,GBP,NIMOB,46110026,93-86-07,Main Current Account
2025-05-13,TFL BUS JOURNEY,-1.77,23530.92,GBP,NIMOB,46110026,93-86-07,Main Current Account
2025-05-13,TFL BUS JOURNEY,-1.77,23529.15,GBP,NIMOB,46110026,93-86-07,Main Current Account
2025-05-14,TFL BUS JOURNEY,-1.77,23527.38,GBP,NIMOB,46110026,93-86-07,Main Current Account
2025-05-14,TFL BUS JOURNEY,-1.77,23525.61,GBP,NIMOB,46110026,93-86-07,Main Current Account
2025-05-15,FREELANCE CREDIT,842.36,24367.97,GBP,NIMOB,46110026,93-86-07,Main Current Account
2025-05-15,CITY WATER,-33.92,24334.05,GBP,NIMOB,46110026,93-86-07,Main Current Account
2025-05-15,TESCO SUPERMARKET,-12.81,24321.24,GBP,NIMOB,46110026,93-86-07,Main Current Account
2025-05-15,TESCO SUPERMARKET,-40.22,24281.02,GBP,NIMOB,46110026,93-86-07,Main Current Account
2025-05-16,NEWS MEMBERSHIP,-8.6,24272.42,GBP,NIMOB,46110026,93-86-07,Main Current Account
2025-05-16,EMERGENCY HOME REPAIR,-214.72,24057.7,GBP,NIMOB,46110026,93-86-07,Main Current Account
2025-05-17,SAINSBURY STORE,-34.59,24023.11,GBP,NIMOB,46110026,93-86-07,Main Current Account
2025-05-17,CITY TAXI,-9.49,24013.62,GBP,NIMOB,46110026,93-86-07,Main Current Account
2025-05-18,LOCAL CAFE,-13.46,24000.16,GBP,NIMOB,46110026,93-86-07,Main Current Account
2025-05-19,TFL BUS JOURNEY,-1.77,23998.39,GBP,NIMOB,46110026,93-86-07,Main Current Account
2025-05-19,TFL BUS JOURNEY,-1.77,23996.62,GBP,NIMOB,46110026,93-86-07,Main Current Account
2025-05-20,BROADBAND SERVICE,-26.85,23969.77,GBP,NIMOB,46110026,93-86-07,Main Current Account
2025-05-20,TESCO SUPERMARKET,-19.28,23950.49,GBP,NIMOB,46110026,93-86-07,Main Current Account
2025-05-20,TFL RAIL TRAVEL,-9.32,23941.17,GBP,NIMOB,46110026,93-86-07,Main Current Account
2025-05-21,CONTRACT PAY,372.67,24313.84,GBP,NIMOB,46110026,93-86-07,Main Current Account
2025-05-21,TFL BUS JOURNEY,-1.77,24312.07,GBP,NIMOB,46110026,93-86-07,Main Current Account
2025-05-21,TFL BUS JOURNEY,-1.77,24310.3,GBP,NIMOB,46110026,93-86-07,Main Current Account
2025-05-22,MOBILE NETWORK,-21.49,24288.81,GBP,NIMOB,46110026,93-86-07,Main Current Account
2025-05-24,CITY TAXI,-9.55,24279.26,GBP,NIMOB,46110026,93-86-07,Main Current Account
2025-05-26,TFL BUS JOURNEY,-1.77,24277.49,GBP,NIMOB,46110026,93-86-07,Main Current Account
2025-05-26,TFL BUS JOURNEY,-1.77,24275.72,GBP,NIMOB,46110026,93-86-07,Main Current Account
2025-05-27,TFL RAIL TRAVEL,-6.49,24269.23,GBP,NIMOB,46110026,93-86-07,Main Current Account
2025-05-28,TFL BUS JOURNEY,-1.77,24267.46,GBP,NIMOB,46110026,93-86-07,Main Current Account
2025-05-28,TFL BUS JOURNEY,-1.77,24265.69,GBP,NIMOB,46110026,93-86-07,Main Current Account
2025-05-29,CLIENT INVOICE PAYMENT,742.32,25008.01,GBP,NIMOB,46110026,93-86-07,Main Current Account
2025-05-29,ELECTRONICS STORE,-70.04,24937.97,GBP,NIMOB,46110026,93-86-07,Main Current Account
2025-05-30,LIDL MARKET,-172.19,24765.78,GBP,NIMOB,46110026,93-86-07,Main Current Account
2025-05-30,DELIVEROO TAKEAWAY,-14.1,24751.68,GBP,NIMOB,46110026,93-86-07,Main Current Account
2025-05-30,TFL BUS JOURNEY,-1.77,24749.91,GBP,NIMOB,46110026,93-86-07,Main Current Account
2025-05-30,TFL BUS JOURNEY,-1.77,24748.14,GBP,NIMOB,46110026,93-86-07,Main Current Account
2025-05-31,LIDL MARKET,-23.96,24724.18,GBP,NIMOB,46110026,93-86-07,Main Current Account
2025-06-01,HOME RENT PAYMENT,-730.43,23993.75,GBP,NIMOB,46110026,93-86-07,Main Current Account
2025-06-01,SAINSBURY STORE,-21.81,23971.94,GBP,NIMOB,46110026,93-86-07,Main Current Account
2025-06-02,CONTRACT PAY,491.56,24463.5,GBP,NIMOB,46110026,93-86-07,Main Current Account
2025-06-02,TFL BUS JOURNEY,-1.77,24461.73,GBP,NIMOB,46110026,93-86-07,Main Current Account
2025-06-02,TFL BUS JOURNEY,-1.77,24459.96,GBP,NIMOB,46110026,93-86-07,Main Current Account
2025-06-04,CLIENT INVOICE PAYMENT,439.09,24899.05,GBP,NIMOB,46110026,93-86-07,Main Current Account
2025-06-04,ALDI GROCERIES,-21.85,24877.2,GBP,NIMOB,46110026,93-86-07,Main Current Account
2025-06-05,TFL RAIL TRAVEL,-9.33,24867.87,GBP,NIMOB,46110026,93-86-07,Main Current Account
2025-06-06,TFL RAIL TRAVEL,-4.66,24863.21,GBP,NIMOB,46110026,93-86-07,Main Current Account
2025-06-06,ELECTRONICS STORE,-93.91,24769.3,GBP,NIMOB,46110026,93-86-07,Main Current Account
2025-06-07,NIMO ENERGY,-80.02,24689.28,GBP,NIMOB,46110026,93-86-07,Main Current Account
2025-06-07,CITY TAXI,-12.93,24676.35,GBP,NIMOB,46110026,93-86-07,Main Current Account
2025-06-09,GYM MEMBERSHIP,-30.36,24645.99,GBP,NIMOB,46110026,93-86-07,Main Current Account
2025-06-09,TESCO SUPERMARKET,-42.25,24603.74,GBP,NIMOB,46110026,93-86-07,Main Current Account
2025-06-09,LOCAL PHARMACY,-20.76,24582.98,GBP,NIMOB,46110026,93-86-07,Main Current Account
2025-06-10,VIDEO STREAMING,-8.09,24574.89,GBP,NIMOB,46110026,93-86-07,Main Current Account
2025-06-10,TFL RAIL TRAVEL,-9.33,24565.56,GBP,NIMOB,46110026,93-86-07,Main Current Account
2025-06-11,CONTRACT PAY,239.86,24805.42,GBP,NIMOB,46110026,93-86-07,Main Current Account
2025-06-11,TFL RAIL TRAVEL,-6.49,24798.93,GBP,NIMOB,46110026,93-86-07,Main Current Account
2025-06-13,FREELANCE CREDIT,286.55,25085.48,GBP,NIMOB,46110026,93-86-07,Main Current Account
2025-06-13,TFL BUS JOURNEY,-1.77,25083.71,GBP,NIMOB,46110026,93-86-07,Main Current Account
2025-06-13,TFL BUS JOURNEY,-1.77,25081.94,GBP,NIMOB,46110026,93-86-07,Main Current Account
2025-06-14,CITY RESTAURANT,-20.3,25061.64,GBP,NIMOB,46110026,93-86-07,Main Current Account
2025-06-15,CITY WATER,-35.31,25026.33,GBP,NIMOB,46110026,93-86-07,Main Current Account
2025-06-16,NEWS MEMBERSHIP,-8.61,25017.72,GBP,NIMOB,46110026,93-86-07,Main Current Account
2025-06-20,BROADBAND SERVICE,-25.33,24992.39,GBP,NIMOB,46110026,93-86-07,Main Current Account
2025-06-20,TFL RAIL TRAVEL,-4.66,24987.73,GBP,NIMOB,46110026,93-86-07,Main Current Account
2025-06-22,MOBILE NETWORK,-19.27,24968.46,GBP,NIMOB,46110026,93-86-07,Main Current Account
2025-06-22,LIDL MARKET,-28.91,24939.55,GBP,NIMOB,46110026,93-86-07,Main Current Account
2025-06-22,NEIGHBOURHOOD PUB,-14.19,24925.36,GBP,NIMOB,46110026,93-86-07,Main Current Account
2025-06-23,CONTRACT PAY,197.58,25122.94,GBP,NIMOB,46110026,93-86-07,Main Current Account
2025-06-23,TFL BUS JOURNEY,-1.77,25121.17,GBP,NIMOB,46110026,93-86-07,Main Current Account
2025-06-23,TFL BUS JOURNEY,-1.77,25119.4,GBP,NIMOB,46110026,93-86-07,Main Current Account
2025-06-24,CONTRACT PAY,180.03,25299.43,GBP,NIMOB,46110026,93-86-07,Main Current Account
2025-06-25,TFL BUS JOURNEY,-1.77,25297.66,GBP,NIMOB,46110026,93-86-07,Main Current Account
2025-06-25,TFL BUS JOURNEY,-1.77,25295.89,GBP,NIMOB,46110026,93-86-07,Main Current Account
2025-06-26,TFL RAIL TRAVEL,-6.49,25289.4,GBP,NIMOB,46110026,93-86-07,Main Current Account
2025-06-28,LIDL MARKET,-51.05,25238.35,GBP,NIMOB,46110026,93-86-07,Main Current Account
2025-06-30,TFL RAIL TRAVEL,-6.49,25231.86,GBP,NIMOB,46110026,93-86-07,Main Current Account
2025-07-01,HOME RENT PAYMENT,-731.4,24500.46,GBP,NIMOB,46110026,93-86-07,Main Current Account
2025-07-01,TFL RAIL TRAVEL,-6.49,24493.97,GBP,NIMOB,46110026,93-86-07,Main Current Account
2025-07-02,CONTRACT PAY,502.13,24996.1,GBP,NIMOB,46110026,93-86-07,Main Current Account
2025-07-02,ALDI GROCERIES,-17.68,24978.42,GBP,NIMOB,46110026,93-86-07,Main Current Account
2025-07-02,TFL RAIL TRAVEL,-4.67,24973.75,GBP,NIMOB,46110026,93-86-07,Main Current Account
2025-07-07,NIMO ENERGY,-76.84,24896.91,GBP,NIMOB,46110026,93-86-07,Main Current Account
2025-07-09,GYM MEMBERSHIP,-30.38,24866.53,GBP,NIMOB,46110026,93-86-07,Main Current Account
2025-07-09,TFL BUS JOURNEY,-1.78,24864.75,GBP,NIMOB,46110026,93-86-07,Main Current Account
2025-07-09,TFL BUS JOURNEY,-1.78,24862.97,GBP,NIMOB,46110026,93-86-07,Main Current Account
2025-07-10,CLIENT INVOICE PAYMENT,501.54,25364.51,GBP,NIMOB,46110026,93-86-07,Main Current Account
2025-07-10,FREELANCE CREDIT,222.58,25587.09,GBP,NIMOB,46110026,93-86-07,Main Current Account
2025-07-10,FREELANCE CREDIT,327.9,25914.99,GBP,NIMOB,46110026,93-86-07,Main Current Account
2025-07-10,VIDEO STREAMING,-8.09,25906.9,GBP,NIMOB,46110026,93-86-07,Main Current Account
2025-07-10,TFL BUS JOURNEY,-1.78,25905.12,GBP,NIMOB,46110026,93-86-07,Main Current Account
2025-07-10,TFL BUS JOURNEY,-1.78,25903.34,GBP,NIMOB,46110026,93-86-07,Main Current Account
2025-07-11,ALDI GROCERIES,-13.0,25890.34,GBP,NIMOB,46110026,93-86-07,Main Current Account
2025-07-11,DELIVEROO TAKEAWAY,-68.22,25822.12,GBP,NIMOB,46110026,93-86-07,Main Current Account
2025-07-12,SAINSBURY STORE,-22.27,25799.85,GBP,NIMOB,46110026,93-86-07,Main Current Account
2025-07-13,SAINSBURY STORE,-38.2,25761.65,GBP,NIMOB,46110026,93-86-07,Main Current Account
2025-07-13,LOCAL CAFE,-53.01,25708.64,GBP,NIMOB,46110026,93-86-07,Main Current Account
2025-07-14,TFL BUS JOURNEY,-1.78,25706.86,GBP,NIMOB,46110026,93-86-07,Main Current Account
2025-07-14,TFL BUS JOURNEY,-1.78,25705.08,GBP,NIMOB,46110026,93-86-07,Main Current Account
2025-07-15,CITY WATER,-35.07,25670.01,GBP,NIMOB,46110026,93-86-07,Main Current Account
2025-07-15,TFL RAIL TRAVEL,-3.25,25666.76,GBP,NIMOB,46110026,93-86-07,Main Current Account
2025-07-16,NEWS MEMBERSHIP,-8.61,25658.15,GBP,NIMOB,46110026,93-86-07,Main Current Account
2025-07-16,SAINSBURY STORE,-30.13,25628.02,GBP,NIMOB,46110026,93-86-07,Main Current Account
2025-07-16,TFL BUS JOURNEY,-1.78,25626.24,GBP,NIMOB,46110026,93-86-07,Main Current Account
2025-07-16,TFL BUS JOURNEY,-1.78,25624.46,GBP,NIMOB,46110026,93-86-07,Main Current Account
2025-07-17,AMAZON MARKETPLACE,-41.3,25583.16,GBP,NIMOB,46110026,93-86-07,Main Current Account
2025-07-18,ALDI GROCERIES,-12.46,25570.7,GBP,NIMOB,46110026,93-86-07,Main Current Account
2025-07-18,DELIVEROO TAKEAWAY,-20.9,25549.8,GBP,NIMOB,46110026,93-86-07,Main Current Account
2025-07-18,TFL BUS JOURNEY,-1.78,25548.02,GBP,NIMOB,46110026,93-86-07,Main Current Account
2025-07-18,TFL BUS JOURNEY,-1.78,25546.24,GBP,NIMOB,46110026,93-86-07,Main Current Account
2025-07-19,LOCAL CAFE,-22.79,25523.45,GBP,NIMOB,46110026,93-86-07,Main Current Account
2025-07-20,BROADBAND SERVICE,-26.82,25496.63,GBP,NIMOB,46110026,93-86-07,Main Current Account
2025-07-21,TFL BUS JOURNEY,-1.78,25494.85,GBP,NIMOB,46110026,93-86-07,Main Current Account
2025-07-21,TFL BUS JOURNEY,-1.78,25493.07,GBP,NIMOB,46110026,93-86-07,Main Current Account
2025-07-22,MOBILE NETWORK,-21.11,25471.96,GBP,NIMOB,46110026,93-86-07,Main Current Account
2025-07-22,TFL RAIL TRAVEL,-3.25,25468.71,GBP,NIMOB,46110026,93-86-07,Main Current Account
2025-07-23,TFL BUS JOURNEY,-1.78,25466.93,GBP,NIMOB,46110026,93-86-07,Main Current Account
2025-07-23,TFL BUS JOURNEY,-1.78,25465.15,GBP,NIMOB,46110026,93-86-07,Main Current Account
2025-07-24,TFL BUS JOURNEY,-1.78,25463.37,GBP,NIMOB,46110026,93-86-07,Main Current Account
2025-07-24,TFL BUS JOURNEY,-1.78,25461.59,GBP,NIMOB,46110026,93-86-07,Main Current Account
2025-07-25,CLIENT INVOICE PAYMENT,566.44,26028.03,GBP,NIMOB,46110026,93-86-07,Main Current Account
2025-07-25,NEIGHBOURHOOD PUB,-75.79,25952.24,GBP,NIMOB,46110026,93-86-07,Main Current Account
2025-07-25,TFL BUS JOURNEY,-1.78,25950.46,GBP,NIMOB,46110026,93-86-07,Main Current Account
2025-07-25,TFL BUS JOURNEY,-1.78,25948.68,GBP,NIMOB,46110026,93-86-07,Main Current Account
2025-07-26,TESCO SUPERMARKET,-28.28,25920.4,GBP,NIMOB,46110026,93-86-07,Main Current Account
2025-07-27,DELIVEROO TAKEAWAY,-6.67,25913.73,GBP,NIMOB,46110026,93-86-07,Main Current Account
2025-07-27,CITY TAXI,-19.66,25894.07,GBP,NIMOB,46110026,93-86-07,Main Current Account
2025-07-29,SAINSBURY STORE,-71.3,25822.77,GBP,NIMOB,46110026,93-86-07,Main Current Account
2025-07-31,TFL RAIL TRAVEL,-6.5,25816.27,GBP,NIMOB,46110026,93-86-07,Main Current Account
2025-08-01,FREELANCE CREDIT,308.15,26124.42,GBP,NIMOB,46110026,93-86-07,Main Current Account
2025-08-01,HOME RENT PAYMENT,-732.4,25392.02,GBP,NIMOB,46110026,93-86-07,Main Current Account
2025-08-01,TESCO SUPERMARKET,-18.33,25373.69,GBP,NIMOB,46110026,93-86-07,Main Current Account
2025-08-01,TFL BUS JOURNEY,-1.78,25371.91,GBP,NIMOB,46110026,93-86-07,Main Current Account
2025-08-01,TFL BUS JOURNEY,-1.78,25370.13,GBP,NIMOB,46110026,93-86-07,Main Current Account
2025-08-02,CITY RESTAURANT,-4.03,25366.1,GBP,NIMOB,46110026,93-86-07,Main Current Account
2025-08-03,CITY RESTAURANT,-16.34,25349.76,GBP,NIMOB,46110026,93-86-07,Main Current Account
2025-08-04,TFL BUS JOURNEY,-1.78,25347.98,GBP,NIMOB,46110026,93-86-07,Main Current Account
2025-08-04,TFL BUS JOURNEY,-1.78,25346.2,GBP,NIMOB,46110026,93-86-07,Main Current Account
2025-08-06,TFL RAIL TRAVEL,-6.5,25339.7,GBP,NIMOB,46110026,93-86-07,Main Current Account
2025-08-07,NIMO ENERGY,-83.37,25256.33,GBP,NIMOB,46110026,93-86-07,Main Current Account
2025-08-07,TFL BUS JOURNEY,-1.78,25254.55,GBP,NIMOB,46110026,93-86-07,Main Current Account
2025-08-07,TFL BUS JOURNEY,-1.78,25252.77,GBP,NIMOB,46110026,93-86-07,Main Current Account
2025-08-08,SAINSBURY STORE,-74.61,25178.16,GBP,NIMOB,46110026,93-86-07,Main Current Account
2025-08-09,GYM MEMBERSHIP,-30.4,25147.76,GBP,NIMOB,46110026,93-86-07,Main Current Account
2025-08-09,CITY TAXI,-14.54,25133.22,GBP,NIMOB,46110026,93-86-07,Main Current Account
2025-08-10,VIDEO STREAMING,-8.1,25125.12,GBP,NIMOB,46110026,93-86-07,Main Current Account
2025-08-11,TFL RAIL TRAVEL,-9.34,25115.78,GBP,NIMOB,46110026,93-86-07,Main Current Account
2025-08-13,TFL RAIL TRAVEL,-4.67,25111.11,GBP,NIMOB,46110026,93-86-07,Main Current Account
2025-08-15,CONTRACT PAY,861.84,25972.95,GBP,NIMOB,46110026,93-86-07,Main Current Account
2025-08-15,CITY WATER,-34.69,25938.26,GBP,NIMOB,46110026,93-86-07,Main Current Account
2025-08-15,SAINSBURY STORE,-18.48,25919.78,GBP,NIMOB,46110026,93-86-07,Main Current Account
2025-08-15,TFL BUS JOURNEY,-1.78,25918.0,GBP,NIMOB,46110026,93-86-07,Main Current Account
2025-08-15,TFL BUS JOURNEY,-1.78,25916.22,GBP,NIMOB,46110026,93-86-07,Main Current Account
2025-08-16,NEWS MEMBERSHIP,-8.62,25907.6,GBP,NIMOB,46110026,93-86-07,Main Current Account
2025-08-16,CITY RESTAURANT,-19.36,25888.24,GBP,NIMOB,46110026,93-86-07,Main Current Account
2025-08-18,CONTRACT PAY,302.03,26190.27,GBP,NIMOB,46110026,93-86-07,Main Current Account
2025-08-20,BROADBAND SERVICE,-25.83,26164.44,GBP,NIMOB,46110026,93-86-07,Main Current Account
2025-08-20,TFL RAIL TRAVEL,-4.67,26159.77,GBP,NIMOB,46110026,93-86-07,Main Current Account
2025-08-21,TFL BUS JOURNEY,-1.78,26157.99,GBP,NIMOB,46110026,93-86-07,Main Current Account
2025-08-21,TFL BUS JOURNEY,-1.78,26156.21,GBP,NIMOB,46110026,93-86-07,Main Current Account
2025-08-22,MOBILE NETWORK,-21.36,26134.85,GBP,NIMOB,46110026,93-86-07,Main Current Account
2025-08-22,SAINSBURY STORE,-28.12,26106.73,GBP,NIMOB,46110026,93-86-07,Main Current Account
2025-08-22,TESCO SUPERMARKET,-20.75,26085.98,GBP,NIMOB,46110026,93-86-07,Main Current Account
2025-08-22,TFL RAIL TRAVEL,-3.25,26082.73,GBP,NIMOB,46110026,93-86-07,Main Current Account
2025-08-23,ALDI GROCERIES,-35.16,26047.57,GBP,NIMOB,46110026,93-86-07,Main Current Account
2025-08-23,TESCO SUPERMARKET,-99.39,25948.18,GBP,NIMOB,46110026,93-86-07,Main Current Account
2025-08-24,TESCO SUPERMARKET,-80.88,25867.3,GBP,NIMOB,46110026,93-86-07,Main Current Account
2025-08-25,TFL BUS JOURNEY,-1.78,25865.52,GBP,NIMOB,46110026,93-86-07,Main Current Account
2025-08-25,TFL BUS JOURNEY,-1.78,25863.74,GBP,NIMOB,46110026,93-86-07,Main Current Account
2025-08-27,TFL BUS JOURNEY,-1.78,25861.96,GBP,NIMOB,46110026,93-86-07,Main Current Account
2025-08-27,TFL BUS JOURNEY,-1.78,25860.18,GBP,NIMOB,46110026,93-86-07,Main Current Account
2025-08-27,TRANSFER TO SAVINGS,-461.28,25398.9,GBP,NIMOB,46110026,93-86-07,Main Current Account
2025-08-29,FREELANCE CREDIT,242.33,25641.23,GBP,NIMOB,46110026,93-86-07,Main Current Account
2025-08-29,LIDL MARKET,-35.49,25605.74,GBP,NIMOB,46110026,93-86-07,Main Current Account
2025-08-29,TFL RAIL TRAVEL,-9.35,25596.39,GBP,NIMOB,46110026,93-86-07,Main Current Account
2025-09-01,HOME RENT PAYMENT,-733.4,24862.99,GBP,NIMOB,46110026,93-86-07,Main Current Account
2025-09-01,TFL BUS JOURNEY,-1.78,24861.21,GBP,NIMOB,46110026,93-86-07,Main Current Account
2025-09-01,TFL BUS JOURNEY,-1.78,24859.43,GBP,NIMOB,46110026,93-86-07,Main Current Account
2025-09-04,ALDI GROCERIES,-91.52,24767.91,GBP,NIMOB,46110026,93-86-07,Main Current Account
2025-09-04,TFL BUS JOURNEY,-1.78,24766.13,GBP,NIMOB,46110026,93-86-07,Main Current Account
2025-09-04,TFL BUS JOURNEY,-1.78,24764.35,GBP,NIMOB,46110026,93-86-07,Main Current Account
2025-09-05,ALDI GROCERIES,-64.68,24699.67,GBP,NIMOB,46110026,93-86-07,Main Current Account
2025-09-05,TFL BUS JOURNEY,-1.78,24697.89,GBP,NIMOB,46110026,93-86-07,Main Current Account
2025-09-05,TFL BUS JOURNEY,-1.78,24696.11,GBP,NIMOB,46110026,93-86-07,Main Current Account
2025-09-06,SAINSBURY STORE,-26.4,24669.71,GBP,NIMOB,46110026,93-86-07,Main Current Account
2025-09-06,LOCAL CAFE,-22.07,24647.64,GBP,NIMOB,46110026,93-86-07,Main Current Account
2025-09-06,CITY TAXI,-15.32,24632.32,GBP,NIMOB,46110026,93-86-07,Main Current Account
2025-09-06,ONLINE SHOP,-53.87,24578.45,GBP,NIMOB,46110026,93-86-07,Main Current Account
2025-09-07,NIMO ENERGY,-76.88,24501.57,GBP,NIMOB,46110026,93-86-07,Main Current Account
2025-09-07,AMAZON MARKETPLACE,-79.54,24422.03,GBP,NIMOB,46110026,93-86-07,Main Current Account
2025-09-08,TFL BUS JOURNEY,-1.78,24420.25,GBP,NIMOB,46110026,93-86-07,Main Current Account
2025-09-08,TFL BUS JOURNEY,-1.78,24418.47,GBP,NIMOB,46110026,93-86-07,Main Current Account
2025-09-09,GYM MEMBERSHIP,-30.43,24388.04,GBP,NIMOB,46110026,93-86-07,Main Current Account
2025-09-09,TESCO SUPERMARKET,-25.9,24362.14,GBP,NIMOB,46110026,93-86-07,Main Current Account
2025-09-10,VIDEO STREAMING,-8.11,24354.03,GBP,NIMOB,46110026,93-86-07,Main Current Account
2025-09-10,TFL RAIL TRAVEL,-4.67,24349.36,GBP,NIMOB,46110026,93-86-07,Main Current Account
2025-09-11,LOCAL CAFE,-7.1,24342.26,GBP,NIMOB,46110026,93-86-07,Main Current Account
2025-09-11,TFL BUS JOURNEY,-1.78,24340.48,GBP,NIMOB,46110026,93-86-07,Main Current Account
2025-09-11,TFL BUS JOURNEY,-1.78,24338.7,GBP,NIMOB,46110026,93-86-07,Main Current Account
2025-09-12,SAINSBURY STORE,-22.69,24316.01,GBP,NIMOB,46110026,93-86-07,Main Current Account
2025-09-12,TFL RAIL TRAVEL,-6.5,24309.51,GBP,NIMOB,46110026,93-86-07,Main Current Account
2025-09-15,CLIENT INVOICE PAYMENT,725.56,25035.07,GBP,NIMOB,46110026,93-86-07,Main Current Account
2025-09-15,CITY WATER,-33.4,25001.67,GBP,NIMOB,46110026,93-86-07,Main Current Account
2025-09-16,NEWS MEMBERSHIP,-8.63,24993.04,GBP,NIMOB,46110026,93-86-07,Main Current Account
2025-09-16,TFL BUS JOURNEY,-1.78,24991.26,GBP,NIMOB,46110026,93-86-07,Main Current Account
2025-09-16,TFL BUS JOURNEY,-1.78,24989.48,GBP,NIMOB,46110026,93-86-07,Main Current Account
2025-09-17,CLIENT INVOICE PAYMENT,226.48,25215.96,GBP,NIMOB,46110026,93-86-07,Main Current Account
2025-09-19,FREELANCE CREDIT,668.35,25884.31,GBP,NIMOB,46110026,93-86-07,Main Current Account
2025-09-19,TFL RAIL TRAVEL,-3.25,25881.06,GBP,NIMOB,46110026,93-86-07,Main Current Account
2025-09-20,BROADBAND SERVICE,-23.92,25857.14,GBP,NIMOB,46110026,93-86-07,Main Current Account
2025-09-20,NEIGHBOURHOOD PUB,-3.42,25853.72,GBP,NIMOB,46110026,93-86-07,Main Current Account
2025-09-21,LIDL MARKET,-51.02,25802.7,GBP,NIMOB,46110026,93-86-07,Main Current Account
2025-09-21,ALDI GROCERIES,-26.8,25775.9,GBP,NIMOB,46110026,93-86-07,Main Current Account
2025-09-22,MOBILE NETWORK,-20.38,25755.52,GBP,NIMOB,46110026,93-86-07,Main Current Account
2025-09-22,LIDL MARKET,-48.73,25706.79,GBP,NIMOB,46110026,93-86-07,Main Current Account
2025-09-22,TFL RAIL TRAVEL,-4.68,25702.11,GBP,NIMOB,46110026,93-86-07,Main Current Account
2025-09-25,TFL BUS JOURNEY,-1.78,25700.33,GBP,NIMOB,46110026,93-86-07,Main Current Account
2025-09-25,TFL BUS JOURNEY,-1.78,25698.55,GBP,NIMOB,46110026,93-86-07,Main Current Account
2025-09-27,TRANSFER TO SAVINGS,-358.25,25340.3,GBP,NIMOB,46110026,93-86-07,Main Current Account
2025-09-29,CLIENT INVOICE PAYMENT,373.55,25713.85,GBP,NIMOB,46110026,93-86-07,Main Current Account
2025-09-29,AMAZON MARKETPLACE,-100.16,25613.69,GBP,NIMOB,46110026,93-86-07,Main Current Account
2025-09-30,TFL BUS JOURNEY,-1.78,25611.91,GBP,NIMOB,46110026,93-86-07,Main Current Account
2025-09-30,TFL BUS JOURNEY,-1.78,25610.13,GBP,NIMOB,46110026,93-86-07,Main Current Account
2025-10-01,HOME RENT PAYMENT,-734.37,24875.76,GBP,NIMOB,46110026,93-86-07,Main Current Account
2025-10-02,TESCO SUPERMARKET,-38.28,24837.48,GBP,NIMOB,46110026,93-86-07,Main Current Account
2025-10-02,TFL BUS JOURNEY,-1.78,24835.7,GBP,NIMOB,46110026,93-86-07,Main Current Account
2025-10-02,TFL BUS JOURNEY,-1.78,24833.92,GBP,NIMOB,46110026,93-86-07,Main Current Account
2025-10-06,TFL BUS JOURNEY,-1.78,24832.14,GBP,NIMOB,46110026,93-86-07,Main Current Account
2025-10-06,TFL BUS JOURNEY,-1.78,24830.36,GBP,NIMOB,46110026,93-86-07,Main Current Account
2025-10-07,NIMO ENERGY,-81.85,24748.51,GBP,NIMOB,46110026,93-86-07,Main Current Account
2025-10-07,TFL RAIL TRAVEL,-9.36,24739.15,GBP,NIMOB,46110026,93-86-07,Main Current Account
2025-10-08,FREELANCE CREDIT,347.84,25086.99,GBP,NIMOB,46110026,93-86-07,Main Current Account
2025-10-08,TFL RAIL TRAVEL,-9.36,25077.63,GBP,NIMOB,46110026,93-86-07,Main Current Account
2025-10-09,GYM MEMBERSHIP,-30.45,25047.18,GBP,NIMOB,46110026,93-86-07,Main Current Account
2025-10-09,TFL RAIL TRAVEL,-3.25,25043.93,GBP,NIMOB,46110026,93-86-07,Main Current Account
2025-10-10,CLIENT INVOICE PAYMENT,242.61,25286.54,GBP,NIMOB,46110026,93-86-07,Main Current Account
2025-10-10,VIDEO STREAMING,-8.11,25278.43,GBP,NIMOB,46110026,93-86-07,Main Current Account
2025-10-11,LIDL MARKET,-36.33,25242.1,GBP,NIMOB,46110026,93-86-07,Main Current Account
2025-10-12,TESCO SUPERMARKET,-19.42,25222.68,GBP,NIMOB,46110026,93-86-07,Main Current Account
2025-10-12,TESCO SUPERMARKET,-38.01,25184.67,GBP,NIMOB,46110026,93-86-07,Main Current Account
2025-10-12,ONLINE SHOP,-51.27,25133.4,GBP,NIMOB,46110026,93-86-07,Main Current Account
2025-10-13,CLIENT INVOICE PAYMENT,270.7,25404.1,GBP,NIMOB,46110026,93-86-07,Main Current Account
2025-10-13,TFL BUS JOURNEY,-1.78,25402.32,GBP,NIMOB,46110026,93-86-07,Main Current Account
2025-10-13,TFL BUS JOURNEY,-1.78,25400.54,GBP,NIMOB,46110026,93-86-07,Main Current Account
2025-10-14,CONTRACT PAY,100.43,25500.97,GBP,NIMOB,46110026,93-86-07,Main Current Account
2025-10-15,CONTRACT PAY,478.77,25979.74,GBP,NIMOB,46110026,93-86-07,Main Current Account
2025-10-15,CITY WATER,-32.05,25947.69,GBP,NIMOB,46110026,93-86-07,Main Current Account
2025-10-15,TFL RAIL TRAVEL,-9.36,25938.33,GBP,NIMOB,46110026,93-86-07,Main Current Account
2025-10-16,NEWS MEMBERSHIP,-8.63,25929.7,GBP,NIMOB,46110026,93-86-07,Main Current Account
2025-10-16,TFL RAIL TRAVEL,-9.36,25920.34,GBP,NIMOB,46110026,93-86-07,Main Current Account
2025-10-17,CLIENT INVOICE PAYMENT,265.3,26185.64,GBP,NIMOB,46110026,93-86-07,Main Current Account
2025-10-17,SAINSBURY STORE,-93.52,26092.12,GBP,NIMOB,46110026,93-86-07,Main Current Account
2025-10-17,TFL BUS JOURNEY,-1.78,26090.34,GBP,NIMOB,46110026,93-86-07,Main Current Account
2025-10-17,TFL BUS JOURNEY,-1.78,26088.56,GBP,NIMOB,46110026,93-86-07,Main Current Account
2025-10-18,TESCO SUPERMARKET,-29.62,26058.94,GBP,NIMOB,46110026,93-86-07,Main Current Account
2025-10-18,LOCAL CAFE,-32.38,26026.56,GBP,NIMOB,46110026,93-86-07,Main Current Account
2025-10-20,CLIENT INVOICE PAYMENT,409.84,26436.4,GBP,NIMOB,46110026,93-86-07,Main Current Account
2025-10-20,BROADBAND SERVICE,-23.98,26412.42,GBP,NIMOB,46110026,93-86-07,Main Current Account
2025-10-20,TFL BUS JOURNEY,-1.78,26410.64,GBP,NIMOB,46110026,93-86-07,Main Current Account
2025-10-20,TFL BUS JOURNEY,-1.78,26408.86,GBP,NIMOB,46110026,93-86-07,Main Current Account
2025-10-21,TFL RAIL TRAVEL,-3.26,26405.6,GBP,NIMOB,46110026,93-86-07,Main Current Account
2025-10-22,MOBILE NETWORK,-22.29,26383.31,GBP,NIMOB,46110026,93-86-07,Main Current Account
2025-10-22,TFL BUS JOURNEY,-1.78,26381.53,GBP,NIMOB,46110026,93-86-07,Main Current Account
2025-10-22,TFL BUS JOURNEY,-1.78,26379.75,GBP,NIMOB,46110026,93-86-07,Main Current Account
2025-10-23,TFL BUS JOURNEY,-1.78,26377.97,GBP,NIMOB,46110026,93-86-07,Main Current Account
2025-10-23,TFL BUS JOURNEY,-1.78,26376.19,GBP,NIMOB,46110026,93-86-07,Main Current Account
2025-10-24,CLIENT INVOICE PAYMENT,1027.45,27403.64,GBP,NIMOB,46110026,93-86-07,Main Current Account
2025-10-24,TESCO SUPERMARKET,-29.08,27374.56,GBP,NIMOB,46110026,93-86-07,Main Current Account
2025-10-24,TFL RAIL TRAVEL,-6.51,27368.05,GBP,NIMOB,46110026,93-86-07,Main Current Account
2025-10-27,TFL RAIL TRAVEL,-3.26,27364.79,GBP,NIMOB,46110026,93-86-07,Main Current Account
2025-10-28,TFL RAIL TRAVEL,-4.68,27360.11,GBP,NIMOB,46110026,93-86-07,Main Current Account
2025-10-29,CLIENT INVOICE PAYMENT,810.91,28171.02,GBP,NIMOB,46110026,93-86-07,Main Current Account
2025-10-29,TFL BUS JOURNEY,-1.78,28169.24,GBP,NIMOB,46110026,93-86-07,Main Current Account
2025-10-29,TFL BUS JOURNEY,-1.78,28167.46,GBP,NIMOB,46110026,93-86-07,Main Current Account
2025-10-30,SAINSBURY STORE,-30.66,28136.8,GBP,NIMOB,46110026,93-86-07,Main Current Account
2025-10-31,NEIGHBOURHOOD PUB,-12.72,28124.08,GBP,NIMOB,46110026,93-86-07,Main Current Account
2025-10-31,TFL RAIL TRAVEL,-4.68,28119.4,GBP,NIMOB,46110026,93-86-07,Main Current Account
2025-11-01,HOME RENT PAYMENT,-735.37,27384.03,GBP,NIMOB,46110026,93-86-07,Main Current Account
2025-11-03,TFL BUS JOURNEY,-1.78,27382.25,GBP,NIMOB,46110026,93-86-07,Main Current Account
2025-11-03,TFL BUS JOURNEY,-1.78,27380.47,GBP,NIMOB,46110026,93-86-07,Main Current Account
2025-11-04,TFL BUS JOURNEY,-1.78,27378.69,GBP,NIMOB,46110026,93-86-07,Main Current Account
2025-11-04,TFL BUS JOURNEY,-1.78,27376.91,GBP,NIMOB,46110026,93-86-07,Main Current Account
2025-11-06,TFL BUS JOURNEY,-1.78,27375.13,GBP,NIMOB,46110026,93-86-07,Main Current Account
2025-11-06,TFL BUS JOURNEY,-1.78,27373.35,GBP,NIMOB,46110026,93-86-07,Main Current Account
2025-11-07,NIMO ENERGY,-76.42,27296.93,GBP,NIMOB,46110026,93-86-07,Main Current Account
2025-11-07,TFL BUS JOURNEY,-1.78,27295.15,GBP,NIMOB,46110026,93-86-07,Main Current Account
2025-11-07,TFL BUS JOURNEY,-1.78,27293.37,GBP,NIMOB,46110026,93-86-07,Main Current Account
2025-11-08,NEIGHBOURHOOD PUB,-31.14,27262.23,GBP,NIMOB,46110026,93-86-07,Main Current Account
2025-11-09,GYM MEMBERSHIP,-30.47,27231.76,GBP,NIMOB,46110026,93-86-07,Main Current Account
2025-11-09,TESCO SUPERMARKET,-18.87,27212.89,GBP,NIMOB,46110026,93-86-07,Main Current Account
2025-11-09,TESCO SUPERMARKET,-153.62,27059.27,GBP,NIMOB,46110026,93-86-07,Main Current Account
2025-11-10,FREELANCE CREDIT,286.81,27346.08,GBP,NIMOB,46110026,93-86-07,Main Current Account
2025-11-10,VIDEO STREAMING,-8.12,27337.96,GBP,NIMOB,46110026,93-86-07,Main Current Account
2025-11-10,LIDL MARKET,-84.37,27253.59,GBP,NIMOB,46110026,93-86-07,Main Current Account
2025-11-10,TFL RAIL TRAVEL,-3.26,27250.33,GBP,NIMOB,46110026,93-86-07,Main Current Account
2025-11-11,CLIENT INVOICE PAYMENT,1143.35,28393.68,GBP,NIMOB,46110026,93-86-07,Main Current Account
2025-11-11,TFL BUS JOURNEY,-1.78,28391.9,GBP,NIMOB,46110026,93-86-07,Main Current Account
2025-11-11,TFL BUS JOURNEY,-1.78,28390.12,GBP,NIMOB,46110026,93-86-07,Main Current Account
2025-11-13,NEIGHBOURHOOD PUB,-77.16,28312.96,GBP,NIMOB,46110026,93-86-07,Main Current Account
2025-11-14,CONTRACT PAY,716.59,29029.55,GBP,NIMOB,46110026,93-86-07,Main Current Account
2025-11-15,CITY WATER,-35.06,28994.49,GBP,NIMOB,46110026,93-86-07,Main Current Account
2025-11-15,LIDL MARKET,-74.59,28919.9,GBP,NIMOB,46110026,93-86-07,Main Current Account
2025-11-16,NEWS MEMBERSHIP,-8.64,28911.26,GBP,NIMOB,46110026,93-86-07,Main Current Account
2025-11-16,TESCO SUPERMARKET,-63.88,28847.38,GBP,NIMOB,46110026,93-86-07,Main Current Account
2025-11-17,TFL BUS JOURNEY,-1.78,28845.6,GBP,NIMOB,46110026,93-86-07,Main Current Account
2025-11-17,TFL BUS JOURNEY,-1.78,28843.82,GBP,NIMOB,46110026,93-86-07,Main Current Account
2025-11-18,TESCO SUPERMARKET,-33.6,28810.22,GBP,NIMOB,46110026,93-86-07,Main Current Account
2025-11-18,TFL BUS JOURNEY,-1.78,28808.44,GBP,NIMOB,46110026,93-86-07,Main Current Account
2025-11-18,TFL BUS JOURNEY,-1.78,28806.66,GBP,NIMOB,46110026,93-86-07,Main Current Account
2025-11-18,REPLACEMENT APPLIANCE,-245.43,28561.23,GBP,NIMOB,46110026,93-86-07,Main Current Account
2025-11-19,TFL RAIL TRAVEL,-3.26,28557.97,GBP,NIMOB,46110026,93-86-07,Main Current Account
2025-11-20,FREELANCE CREDIT,252.55,28810.52,GBP,NIMOB,46110026,93-86-07,Main Current Account
2025-11-20,BROADBAND SERVICE,-25.6,28784.92,GBP,NIMOB,46110026,93-86-07,Main Current Account
2025-11-20,TFL BUS JOURNEY,-1.78,28783.14,GBP,NIMOB,46110026,93-86-07,Main Current Account
2025-11-20,TFL BUS JOURNEY,-1.78,28781.36,GBP,NIMOB,46110026,93-86-07,Main Current Account
2025-11-22,MOBILE NETWORK,-22.46,28758.9,GBP,NIMOB,46110026,93-86-07,Main Current Account
2025-11-22,CITY TAXI,-11.55,28747.35,GBP,NIMOB,46110026,93-86-07,Main Current Account
2025-11-23,CITY TAXI,-14.07,28733.28,GBP,NIMOB,46110026,93-86-07,Main Current Account
2025-11-24,TFL RAIL TRAVEL,-4.68,28728.6,GBP,NIMOB,46110026,93-86-07,Main Current Account
2025-11-25,CONTRACT PAY,1032.35,29760.95,GBP,NIMOB,46110026,93-86-07,Main Current Account
2025-11-25,CLIENT INVOICE PAYMENT,331.17,30092.12,GBP,NIMOB,46110026,93-86-07,Main Current Account
2025-11-25,TFL BUS JOURNEY,-1.78,30090.34,GBP,NIMOB,46110026,93-86-07,Main Current Account
2025-11-25,TFL BUS JOURNEY,-1.78,30088.56,GBP,NIMOB,46110026,93-86-07,Main Current Account
2025-11-26,CONTRACT PAY,115.76,30204.32,GBP,NIMOB,46110026,93-86-07,Main Current Account
2025-11-26,TFL RAIL TRAVEL,-4.68,30199.64,GBP,NIMOB,46110026,93-86-07,Main Current Account
2025-11-27,TFL RAIL TRAVEL,-3.26,30196.38,GBP,NIMOB,46110026,93-86-07,Main Current Account
2025-11-28,TFL BUS JOURNEY,-1.78,30194.6,GBP,NIMOB,46110026,93-86-07,Main Current Account
2025-11-28,TFL BUS JOURNEY,-1.78,30192.82,GBP,NIMOB,46110026,93-86-07,Main Current Account
2025-11-29,LIDL MARKET,-42.06,30150.76,GBP,NIMOB,46110026,93-86-07,Main Current Account
2025-11-29,CITY TAXI,-20.71,30130.05,GBP,NIMOB,46110026,93-86-07,Main Current Account
2025-12-01,HOME RENT PAYMENT,-736.35,29393.7,GBP,NIMOB,46110026,93-86-07,Main Current Account
2025-12-01,TFL RAIL TRAVEL,-9.37,29384.33,GBP,NIMOB,46110026,93-86-07,Main Current Account
2025-12-02,FREELANCE CREDIT,98.52,29482.85,GBP,NIMOB,46110026,93-86-07,Main Current Account
2025-12-02,TFL BUS JOURNEY,-1.78,29481.07,GBP,NIMOB,46110026,93-86-07,Main Current Account
2025-12-02,TFL BUS JOURNEY,-1.78,29479.29,GBP,NIMOB,46110026,93-86-07,Main Current Account
2025-12-03,TFL BUS JOURNEY,-1.78,29477.51,GBP,NIMOB,46110026,93-86-07,Main Current Account
2025-12-03,TFL BUS JOURNEY,-1.78,29475.73,GBP,NIMOB,46110026,93-86-07,Main Current Account
2025-12-04,TFL BUS JOURNEY,-1.78,29473.95,GBP,NIMOB,46110026,93-86-07,Main Current Account
2025-12-04,TFL BUS JOURNEY,-1.78,29472.17,GBP,NIMOB,46110026,93-86-07,Main Current Account
2025-12-07,NIMO ENERGY,-77.84,29394.33,GBP,NIMOB,46110026,93-86-07,Main Current Account
2025-12-07,LIDL MARKET,-40.52,29353.81,GBP,NIMOB,46110026,93-86-07,Main Current Account
2025-12-07,DELIVEROO TAKEAWAY,-56.73,29297.08,GBP,NIMOB,46110026,93-86-07,Main Current Account
2025-12-07,CITY TAXI,-18.55,29278.53,GBP,NIMOB,46110026,93-86-07,Main Current Account
2025-12-08,TFL RAIL TRAVEL,-3.26,29275.27,GBP,NIMOB,46110026,93-86-07,Main Current Account
2025-12-09,CLIENT INVOICE PAYMENT,223.66,29498.93,GBP,NIMOB,46110026,93-86-07,Main Current Account
2025-12-09,GYM MEMBERSHIP,-30.49,29468.44,GBP,NIMOB,46110026,93-86-07,Main Current Account
2025-12-09,ONLINE SHOP,-89.3,29379.14,GBP,NIMOB,46110026,93-86-07,Main Current Account
2025-12-10,CONTRACT PAY,238.99,29618.13,GBP,NIMOB,46110026,93-86-07,Main Current Account
2025-12-10,VIDEO STREAMING,-8.12,29610.01,GBP,NIMOB,46110026,93-86-07,Main Current Account
2025-12-10,TFL BUS JOURNEY,-1.78,29608.23,GBP,NIMOB,46110026,93-86-07,Main Current Account
2025-12-10,TFL BUS JOURNEY,-1.78,29606.45,GBP,NIMOB,46110026,93-86-07,Main Current Account
2025-12-11,TFL BUS JOURNEY,-1.78,29604.67,GBP,NIMOB,46110026,93-86-07,Main Current Account
2025-12-11,TFL BUS JOURNEY,-1.78,29602.89,GBP,NIMOB,46110026,93-86-07,Main Current Account
2025-12-12,ALDI GROCERIES,-38.97,29563.92,GBP,NIMOB,46110026,93-86-07,Main Current Account
2025-12-12,LOCAL CAFE,-38.02,29525.9,GBP,NIMOB,46110026,93-86-07,Main Current Account
2025-12-12,TFL BUS JOURNEY,-1.78,29524.12,GBP,NIMOB,46110026,93-86-07,Main Current Account
2025-12-12,TFL BUS JOURNEY,-1.78,29522.34,GBP,NIMOB,46110026,93-86-07,Main Current Account
2025-12-14,TESCO SUPERMARKET,-37.83,29484.51,GBP,NIMOB,46110026,93-86-07,Main Current Account
2025-12-15,FREELANCE CREDIT,1294.16,30778.67,GBP,NIMOB,46110026,93-86-07,Main Current Account
2025-12-15,CITY WATER,-31.45,30747.22,GBP,NIMOB,46110026,93-86-07,Main Current Account
2025-12-15,TFL BUS JOURNEY,-1.78,30745.44,GBP,NIMOB,46110026,93-86-07,Main Current Account
2025-12-15,TFL BUS JOURNEY,-1.78,30743.66,GBP,NIMOB,46110026,93-86-07,Main Current Account
2025-12-16,NEWS MEMBERSHIP,-8.64,30735.02,GBP,NIMOB,46110026,93-86-07,Main Current Account
2025-12-16,TFL BUS JOURNEY,-1.78,30733.24,GBP,NIMOB,46110026,93-86-07,Main Current Account
2025-12-16,TFL BUS JOURNEY,-1.78,30731.46,GBP,NIMOB,46110026,93-86-07,Main Current Account
2025-12-17,TFL RAIL TRAVEL,-4.69,30726.77,GBP,NIMOB,46110026,93-86-07,Main Current Account
2025-12-19,CLIENT INVOICE PAYMENT,765.59,31492.36,GBP,NIMOB,46110026,93-86-07,Main Current Account
2025-12-20,BROADBAND SERVICE,-30.69,31461.67,GBP,NIMOB,46110026,93-86-07,Main Current Account
2025-12-20,SAINSBURY STORE,-50.39,31411.28,GBP,NIMOB,46110026,93-86-07,Main Current Account
2025-12-21,SAINSBURY STORE,-45.07,31366.21,GBP,NIMOB,46110026,93-86-07,Main Current Account
2025-12-21,SAINSBURY STORE,-42.29,31323.92,GBP,NIMOB,46110026,93-86-07,Main Current Account
2025-12-22,MOBILE NETWORK,-22.84,31301.08,GBP,NIMOB,46110026,93-86-07,Main Current Account
2025-12-22,TFL RAIL TRAVEL,-9.37,31291.71,GBP,NIMOB,46110026,93-86-07,Main Current Account
2025-12-23,TFL BUS JOURNEY,-1.78,31289.93,GBP,NIMOB,46110026,93-86-07,Main Current Account
2025-12-23,TFL BUS JOURNEY,-1.78,31288.15,GBP,NIMOB,46110026,93-86-07,Main Current Account
2025-12-24,SAINSBURY STORE,-19.26,31268.89,GBP,NIMOB,46110026,93-86-07,Main Current Account
2025-12-24,TFL RAIL TRAVEL,-4.69,31264.2,GBP,NIMOB,46110026,93-86-07,Main Current Account
2025-12-25,FREELANCE CREDIT,658.85,31923.05,GBP,NIMOB,46110026,93-86-07,Main Current Account
2025-12-25,TFL RAIL TRAVEL,-9.37,31913.68,GBP,NIMOB,46110026,93-86-07,Main Current Account
2025-12-26,TFL RAIL TRAVEL,-9.38,31904.3,GBP,NIMOB,46110026,93-86-07,Main Current Account
2025-12-27,TRANSFER TO SAVINGS,-507.81,31396.49,GBP,NIMOB,46110026,93-86-07,Main Current Account
2025-12-29,TFL RAIL TRAVEL,-4.69,31391.8,GBP,NIMOB,46110026,93-86-07,Main Current Account
2025-12-30,TFL RAIL TRAVEL,-3.26,31388.54,GBP,NIMOB,46110026,93-86-07,Main Current Account
2026-01-01,CLIENT INVOICE PAYMENT,250.18,31638.72,GBP,NIMOB,46110026,93-86-07,Main Current Account
2026-01-01,HOME RENT PAYMENT,-737.35,30901.37,GBP,NIMOB,46110026,93-86-07,Main Current Account
2026-01-01,TFL RAIL TRAVEL,-9.38,30891.99,GBP,NIMOB,46110026,93-86-07,Main Current Account
2026-01-02,SAINSBURY STORE,-23.43,30868.56,GBP,NIMOB,46110026,93-86-07,Main Current Account
2026-01-02,TFL BUS JOURNEY,-1.78,30866.78,GBP,NIMOB,46110026,93-86-07,Main Current Account
2026-01-02,TFL BUS JOURNEY,-1.78,30865.0,GBP,NIMOB,46110026,93-86-07,Main Current Account
2026-01-05,LIDL MARKET,-20.43,30844.57,GBP,NIMOB,46110026,93-86-07,Main Current Account
2026-01-05,TFL RAIL TRAVEL,-6.52,30838.05,GBP,NIMOB,46110026,93-86-07,Main Current Account
2026-01-07,NIMO ENERGY,-79.32,30758.73,GBP,NIMOB,46110026,93-86-07,Main Current Account
2026-01-07,TFL BUS JOURNEY,-1.78,30756.95,GBP,NIMOB,46110026,93-86-07,Main Current Account
2026-01-07,TFL BUS JOURNEY,-1.78,30755.17,GBP,NIMOB,46110026,93-86-07,Main Current Account
2026-01-09,GYM MEMBERSHIP,-30.51,30724.66,GBP,NIMOB,46110026,93-86-07,Main Current Account
2026-01-09,LOCAL CAFE,-13.83,30710.83,GBP,NIMOB,46110026,93-86-07,Main Current Account
2026-01-09,TFL BUS JOURNEY,-1.78,30709.05,GBP,NIMOB,46110026,93-86-07,Main Current Account
2026-01-09,TFL BUS JOURNEY,-1.78,30707.27,GBP,NIMOB,46110026,93-86-07,Main Current Account
2026-01-10,VIDEO STREAMING,-8.13,30699.14,GBP,NIMOB,46110026,93-86-07,Main Current Account
2026-01-10,CITY DEPARTMENT STORE,-107.16,30591.98,GBP,NIMOB,46110026,93-86-07,Main Current Account
2026-01-12,TFL BUS JOURNEY,-1.78,30590.2,GBP,NIMOB,46110026,93-86-07,Main Current Account
2026-01-12,TFL BUS JOURNEY,-1.78,30588.42,GBP,NIMOB,46110026,93-86-07,Main Current Account
2026-01-13,TFL BUS JOURNEY,-1.78,30586.64,GBP,NIMOB,46110026,93-86-07,Main Current Account
2026-01-13,TFL BUS JOURNEY,-1.78,30584.86,GBP,NIMOB,46110026,93-86-07,Main Current Account
2026-01-14,TFL BUS JOURNEY,-1.78,30583.08,GBP,NIMOB,46110026,93-86-07,Main Current Account
2026-01-14,TFL BUS JOURNEY,-1.78,30581.3,GBP,NIMOB,46110026,93-86-07,Main Current Account
2026-01-15,CLIENT INVOICE PAYMENT,312.13,30893.43,GBP,NIMOB,46110026,93-86-07,Main Current Account
2026-01-15,CITY WATER,-33.25,30860.18,GBP,NIMOB,46110026,93-86-07,Main Current Account
2026-01-15,TFL RAIL TRAVEL,-4.69,30855.49,GBP,NIMOB,46110026,93-86-07,Main Current Account
2026-01-16,CLIENT INVOICE PAYMENT,627.81,31483.3,GBP,NIMOB,46110026,93-86-07,Main Current Account
2026-01-16,NEWS MEMBERSHIP,-8.65,31474.65,GBP,NIMOB,46110026,93-86-07,Main Current Account
2026-01-16,TESCO SUPERMARKET,-35.09,31439.56,GBP,NIMOB,46110026,93-86-07,Main Current Account
2026-01-16,TFL RAIL TRAVEL,-9.38,31430.18,GBP,NIMOB,46110026,93-86-07,Main Current Account
2026-01-17,LOCAL CAFE,-12.27,31417.91,GBP,NIMOB,46110026,93-86-07,Main Current Account
2026-01-18,LOCAL CAFE,-43.87,31374.04,GBP,NIMOB,46110026,93-86-07,Main Current Account
2026-01-19,FREELANCE CREDIT,203.13,31577.17,GBP,NIMOB,46110026,93-86-07,Main Current Account
2026-01-19,TESCO SUPERMARKET,-57.02,31520.15,GBP,NIMOB,46110026,93-86-07,Main Current Account
2026-01-19,TFL BUS JOURNEY,-1.78,31518.37,GBP,NIMOB,46110026,93-86-07,Main Current Account
2026-01-19,TFL BUS JOURNEY,-1.78,31516.59,GBP,NIMOB,46110026,93-86-07,Main Current Account
2026-01-20,BROADBAND SERVICE,-26.37,31490.22,GBP,NIMOB,46110026,93-86-07,Main Current Account
2026-01-20,TFL RAIL TRAVEL,-9.38,31480.84,GBP,NIMOB,46110026,93-86-07,Main Current Account
2026-01-21,FREELANCE CREDIT,521.68,32002.52,GBP,NIMOB,46110026,93-86-07,Main Current Account
2026-01-21,TFL RAIL TRAVEL,-3.26,31999.26,GBP,NIMOB,46110026,93-86-07,Main Current Account
2026-01-22,MOBILE NETWORK,-21.52,31977.74,GBP,NIMOB,46110026,93-86-07,Main Current Account
2026-01-22,TFL BUS JOURNEY,-1.78,31975.96,GBP,NIMOB,46110026,93-86-07,Main Current Account
2026-01-22,TFL BUS JOURNEY,-1.78,31974.18,GBP,NIMOB,46110026,93-86-07,Main Current Account
2026-01-23,CLIENT INVOICE PAYMENT,222.82,32197.0,GBP,NIMOB,46110026,93-86-07,Main Current Account
2026-01-23,CONTRACT PAY,676.46,32873.46,GBP,NIMOB,46110026,93-86-07,Main Current Account
2026-01-24,NEIGHBOURHOOD PUB,-15.24,32858.22,GBP,NIMOB,46110026,93-86-07,Main Current Account
2026-01-25,LIDL MARKET,-13.75,32844.47,GBP,NIMOB,46110026,93-86-07,Main Current Account
2026-01-26,CITY RESTAURANT,-25.56,32818.91,GBP,NIMOB,46110026,93-86-07,Main Current Account
2026-01-26,TFL RAIL TRAVEL,-4.69,32814.22,GBP,NIMOB,46110026,93-86-07,Main Current Account
2026-01-27,TRANSFER TO SAVINGS,-582.4,32231.82,GBP,NIMOB,46110026,93-86-07,Main Current Account
2026-01-28,LIDL MARKET,-27.78,32204.04,GBP,NIMOB,46110026,93-86-07,Main Current Account
2026-01-28,TFL RAIL TRAVEL,-9.38,32194.66,GBP,NIMOB,46110026,93-86-07,Main Current Account
2026-01-30,FREELANCE CREDIT,172.59,32367.25,GBP,NIMOB,46110026,93-86-07,Main Current Account
2026-01-30,DELIVEROO TAKEAWAY,-16.95,32350.3,GBP,NIMOB,46110026,93-86-07,Main Current Account
2026-01-31,LOCAL CAFE,-27.44,32322.86,GBP,NIMOB,46110026,93-86-07,Main Current Account
2026-01-31,CITY TAXI,-16.73,32306.13,GBP,NIMOB,46110026,93-86-07,Main Current Account
2026-02-01,HOME RENT PAYMENT,-738.36,31567.77,GBP,NIMOB,46110026,93-86-07,Main Current Account
2026-02-02,FREELANCE CREDIT,767.13,32334.9,GBP,NIMOB,46110026,93-86-07,Main Current Account
2026-02-03,FREELANCE CREDIT,148.97,32483.87,GBP,NIMOB,46110026,93-86-07,Main Current Account
2026-02-04,TFL BUS JOURNEY,-1.79,32482.08,GBP,NIMOB,46110026,93-86-07,Main Current Account
2026-02-04,TFL BUS JOURNEY,-1.79,32480.29,GBP,NIMOB,46110026,93-86-07,Main Current Account
2026-02-05,CONTRACT PAY,348.89,32829.18,GBP,NIMOB,46110026,93-86-07,Main Current Account
2026-02-05,TFL BUS JOURNEY,-1.79,32827.39,GBP,NIMOB,46110026,93-86-07,Main Current Account
2026-02-05,TFL BUS JOURNEY,-1.79,32825.6,GBP,NIMOB,46110026,93-86-07,Main Current Account
2026-02-06,TFL RAIL TRAVEL,-3.26,32822.34,GBP,NIMOB,46110026,93-86-07,Main Current Account
2026-02-07,NIMO ENERGY,-77.59,32744.75,GBP,NIMOB,46110026,93-86-07,Main Current Account
2026-02-07,TESCO SUPERMARKET,-25.84,32718.91,GBP,NIMOB,46110026,93-86-07,Main Current Account
2026-02-08,NEIGHBOURHOOD PUB,-50.21,32668.7,GBP,NIMOB,46110026,93-86-07,Main Current Account
2026-02-08,CITY TAXI,-11.48,32657.22,GBP,NIMOB,46110026,93-86-07,Main Current Account
2026-02-09,GYM MEMBERSHIP,-30.54,32626.68,GBP,NIMOB,46110026,93-86-07,Main Current Account
2026-02-09,TFL RAIL TRAVEL,-4.69,32621.99,GBP,NIMOB,46110026,93-86-07,Main Current Account
2026-02-10,VIDEO STREAMING,-8.14,32613.85,GBP,NIMOB,46110026,93-86-07,Main Current Account
2026-02-10,TFL BUS JOURNEY,-1.79,32612.06,GBP,NIMOB,46110026,93-86-07,Main Current Account
2026-02-10,TFL BUS JOURNEY,-1.79,32610.27,GBP,NIMOB,46110026,93-86-07,Main Current Account
2026-02-11,TFL BUS JOURNEY,-1.79,32608.48,GBP,NIMOB,46110026,93-86-07,Main Current Account
2026-02-11,TFL BUS JOURNEY,-1.79,32606.69,GBP,NIMOB,46110026,93-86-07,Main Current Account
2026-02-13,FREELANCE CREDIT,391.26,32997.95,GBP,NIMOB,46110026,93-86-07,Main Current Account
2026-02-13,FREELANCE CREDIT,448.78,33446.73,GBP,NIMOB,46110026,93-86-07,Main Current Account
2026-02-13,TFL RAIL TRAVEL,-4.69,33442.04,GBP,NIMOB,46110026,93-86-07,Main Current Account
2026-02-14,ALDI GROCERIES,-12.18,33429.86,GBP,NIMOB,46110026,93-86-07,Main Current Account
2026-02-15,CITY WATER,-33.36,33396.5,GBP,NIMOB,46110026,93-86-07,Main Current Account
2026-02-16,NEWS MEMBERSHIP,-8.66,33387.84,GBP,NIMOB,46110026,93-86-07,Main Current Account
2026-02-16,TFL BUS JOURNEY,-1.79,33386.05,GBP,NIMOB,46110026,93-86-07,Main Current Account
2026-02-16,TFL BUS JOURNEY,-1.79,33384.26,GBP,NIMOB,46110026,93-86-07,Main Current Account
2026-02-18,TFL BUS JOURNEY,-1.79,33382.47,GBP,NIMOB,46110026,93-86-07,Main Current Account
2026-02-18,TFL BUS JOURNEY,-1.79,33380.68,GBP,NIMOB,46110026,93-86-07,Main Current Account
2026-02-19,TFL RAIL TRAVEL,-3.27,33377.41,GBP,NIMOB,46110026,93-86-07,Main Current Account
2026-02-20,BROADBAND SERVICE,-23.34,33354.07,GBP,NIMOB,46110026,93-86-07,Main Current Account
2026-02-20,LIDL MARKET,-20.64,33333.43,GBP,NIMOB,46110026,93-86-07,Main Current Account
2026-02-22,MOBILE NETWORK,-20.53,33312.9,GBP,NIMOB,46110026,93-86-07,Main Current Account
2026-02-23,CONTRACT PAY,549.93,33862.83,GBP,NIMOB,46110026,93-86-07,Main Current Account
2026-02-23,CONTRACT PAY,762.82,34625.65,GBP,NIMOB,46110026,93-86-07,Main Current Account
2026-02-24,CONTRACT PAY,506.49,35132.14,GBP,NIMOB,46110026,93-86-07,Main Current Account
2026-02-24,TFL BUS JOURNEY,-1.79,35130.35,GBP,NIMOB,46110026,93-86-07,Main Current Account
2026-02-24,TFL BUS JOURNEY,-1.79,35128.56,GBP,NIMOB,46110026,93-86-07,Main Current Account
2026-02-26,FREELANCE CREDIT,372.36,35500.92,GBP,NIMOB,46110026,93-86-07,Main Current Account
2026-02-26,TFL BUS JOURNEY,-1.79,35499.13,GBP,NIMOB,46110026,93-86-07,Main Current Account
2026-02-26,TFL BUS JOURNEY,-1.79,35497.34,GBP,NIMOB,46110026,93-86-07,Main Current Account
2026-02-27,FREELANCE CREDIT,322.82,35820.16,GBP,NIMOB,46110026,93-86-07,Main Current Account
2026-02-27,TFL BUS JOURNEY,-1.79,35818.37,GBP,NIMOB,46110026,93-86-07,Main Current Account
2026-02-27,TFL BUS JOURNEY,-1.79,35816.58,GBP,NIMOB,46110026,93-86-07,Main Current Account
2026-02-27,TRANSFER TO SAVINGS,-503.11,35313.47,GBP,NIMOB,46110026,93-86-07,Main Current Account
2026-02-28,SAINSBURY STORE,-36.8,35276.67,GBP,NIMOB,46110026,93-86-07,Main Current Account
2026-02-28,CITY DEPARTMENT STORE,-64.82,35211.85,GBP,NIMOB,46110026,93-86-07,Main Current Account
2026-03-01,HOME RENT PAYMENT,-739.27,34472.58,GBP,NIMOB,46110026,93-86-07,Main Current Account
2026-03-01,LOCAL CAFE,-11.49,34461.09,GBP,NIMOB,46110026,93-86-07,Main Current Account
2026-03-02,TFL BUS JOURNEY,-1.79,34459.3,GBP,NIMOB,46110026,93-86-07,Main Current Account
2026-03-02,TFL BUS JOURNEY,-1.79,34457.51,GBP,NIMOB,46110026,93-86-07,Main Current Account
2026-03-05,LIDL MARKET,-15.04,34442.47,GBP,NIMOB,46110026,93-86-07,Main Current Account
2026-03-05,TFL RAIL TRAVEL,-3.27,34439.2,GBP,NIMOB,46110026,93-86-07,Main Current Account
2026-03-06,TFL BUS JOURNEY,-1.79,34437.41,GBP,NIMOB,46110026,93-86-07,Main Current Account
2026-03-06,TFL BUS JOURNEY,-1.79,34435.62,GBP,NIMOB,46110026,93-86-07,Main Current Account
2026-03-07,NIMO ENERGY,-77.41,34358.21,GBP,NIMOB,46110026,93-86-07,Main Current Account
2026-03-09,GYM MEMBERSHIP,-30.56,34327.65,GBP,NIMOB,46110026,93-86-07,Main Current Account
2026-03-09,SAINSBURY STORE,-14.13,34313.52,GBP,NIMOB,46110026,93-86-07,Main Current Account
2026-03-09,TFL BUS JOURNEY,-1.79,34311.73,GBP,NIMOB,46110026,93-86-07,Main Current Account
2026-03-09,TFL BUS JOURNEY,-1.79,34309.94,GBP,NIMOB,46110026,93-86-07,Main Current Account
2026-03-10,CONTRACT PAY,290.86,34600.8,GBP,NIMOB,46110026,93-86-07,Main Current Account
2026-03-10,VIDEO STREAMING,-8.14,34592.66,GBP,NIMOB,46110026,93-86-07,Main Current Account
2026-03-10,TFL BUS JOURNEY,-1.79,34590.87,GBP,NIMOB,46110026,93-86-07,Main Current Account
2026-03-10,TFL BUS JOURNEY,-1.79,34589.08,GBP,NIMOB,46110026,93-86-07,Main Current Account
2026-03-11,TFL BUS JOURNEY,-1.79,34587.29,GBP,NIMOB,46110026,93-86-07,Main Current Account
2026-03-11,TFL BUS JOURNEY,-1.79,34585.5,GBP,NIMOB,46110026,93-86-07,Main Current Account
2026-03-12,TFL BUS JOURNEY,-1.79,34583.71,GBP,NIMOB,46110026,93-86-07,Main Current Account
2026-03-12,TFL BUS JOURNEY,-1.79,34581.92,GBP,NIMOB,46110026,93-86-07,Main Current Account
2026-03-12,CITY DEPARTMENT STORE,-35.81,34546.11,GBP,NIMOB,46110026,93-86-07,Main Current Account
2026-03-13,TFL RAIL TRAVEL,-3.27,34542.84,GBP,NIMOB,46110026,93-86-07,Main Current Account
2026-03-14,NEIGHBOURHOOD PUB,-25.52,34517.32,GBP,NIMOB,46110026,93-86-07,Main Current Account
2026-03-15,CITY WATER,-34.62,34482.7,GBP,NIMOB,46110026,93-86-07,Main Current Account
2026-03-16,CLIENT INVOICE PAYMENT,302.9,34785.6,GBP,NIMOB,46110026,93-86-07,Main Current Account
2026-03-16,NEWS MEMBERSHIP,-8.66,34776.94,GBP,NIMOB,46110026,93-86-07,Main Current Account
2026-03-17,FREELANCE CREDIT,498.57,35275.51,GBP,NIMOB,46110026,93-86-07,Main Current Account
2026-03-17,TFL BUS JOURNEY,-1.79,35273.72,GBP,NIMOB,46110026,93-86-07,Main Current Account
2026-03-17,TFL BUS JOURNEY,-1.79,35271.93,GBP,NIMOB,46110026,93-86-07,Main Current Account
2026-03-18,LOCAL CAFE,-62.37,35209.56,GBP,NIMOB,46110026,93-86-07,Main Current Account
2026-03-19,TFL BUS JOURNEY,-1.79,35207.77,GBP,NIMOB,46110026,93-86-07,Main Current Account
2026-03-19,TFL BUS JOURNEY,-1.79,35205.98,GBP,NIMOB,46110026,93-86-07,Main Current Account
2026-03-20,FREELANCE CREDIT,341.78,35547.76,GBP,NIMOB,46110026,93-86-07,Main Current Account
2026-03-20,BROADBAND SERVICE,-25.12,35522.64,GBP,NIMOB,46110026,93-86-07,Main Current Account
2026-03-20,SAINSBURY STORE,-20.88,35501.76,GBP,NIMOB,46110026,93-86-07,Main Current Account
2026-03-20,TFL BUS JOURNEY,-1.79,35499.97,GBP,NIMOB,46110026,93-86-07,Main Current Account
2026-03-20,TFL BUS JOURNEY,-1.79,35498.18,GBP,NIMOB,46110026,93-86-07,Main Current Account
2026-03-22,MOBILE NETWORK,-19.49,35478.69,GBP,NIMOB,46110026,93-86-07,Main Current Account
2026-03-22,CITY TAXI,-12.9,35465.79,GBP,NIMOB,46110026,93-86-07,Main Current Account
2026-03-22,ELECTRONICS STORE,-87.47,35378.32,GBP,NIMOB,46110026,93-86-07,Main Current Account
2026-03-24,CLIENT INVOICE PAYMENT,499.15,35877.47,GBP,NIMOB,46110026,93-86-07,Main Current Account
2026-03-24,TFL BUS JOURNEY,-1.79,35875.68,GBP,NIMOB,46110026,93-86-07,Main Current Account
2026-03-24,TFL BUS JOURNEY,-1.79,35873.89,GBP,NIMOB,46110026,93-86-07,Main Current Account
2026-03-25,SAINSBURY STORE,-14.93,35858.96,GBP,NIMOB,46110026,93-86-07,Main Current Account
2026-03-27,FREELANCE CREDIT,288.41,36147.37,GBP,NIMOB,46110026,93-86-07,Main Current Account
2026-03-27,TFL BUS JOURNEY,-1.79,36145.58,GBP,NIMOB,46110026,93-86-07,Main Current Account
2026-03-27,TFL BUS JOURNEY,-1.79,36143.79,GBP,NIMOB,46110026,93-86-07,Main Current Account
2026-03-28,AMAZON MARKETPLACE,-22.77,36121.02,GBP,NIMOB,46110026,93-86-07,Main Current Account
2026-03-29,DELIVEROO TAKEAWAY,-58.75,36062.27,GBP,NIMOB,46110026,93-86-07,Main Current Account
2026-03-29,AMAZON MARKETPLACE,-118.4,35943.87,GBP,NIMOB,46110026,93-86-07,Main Current Account
2026-03-29,ONLINE SHOP,-45.34,35898.53,GBP,NIMOB,46110026,93-86-07,Main Current Account
2026-03-31,TFL BUS JOURNEY,-1.79,35896.74,GBP,NIMOB,46110026,93-86-07,Main Current Account
2026-03-31,TFL BUS JOURNEY,-1.79,35894.95,GBP,NIMOB,46110026,93-86-07,Main Current Account
2026-04-01,HOME RENT PAYMENT,-740.28,35154.67,GBP,NIMOB,46110026,93-86-07,Main Current Account
2026-04-01,LIDL MARKET,-49.0,35105.67,GBP,NIMOB,46110026,93-86-07,Main Current Account
2026-04-01,TFL RAIL TRAVEL,-4.7,35100.97,GBP,NIMOB,46110026,93-86-07,Main Current Account
2026-04-03,TFL BUS JOURNEY,-1.79,35099.18,GBP,NIMOB,46110026,93-86-07,Main Current Account
2026-04-03,TFL BUS JOURNEY,-1.79,35097.39,GBP,NIMOB,46110026,93-86-07,Main Current Account
2026-04-04,DELIVEROO TAKEAWAY,-29.2,35068.19,GBP,NIMOB,46110026,93-86-07,Main Current Account
2026-04-04,CITY TAXI,-10.05,35058.14,GBP,NIMOB,46110026,93-86-07,Main Current Account
2026-04-06,FREELANCE CREDIT,174.18,35232.32,GBP,NIMOB,46110026,93-86-07,Main Current Account
2026-04-06,TFL BUS JOURNEY,-1.79,35230.53,GBP,NIMOB,46110026,93-86-07,Main Current Account
2026-04-06,TFL BUS JOURNEY,-1.79,35228.74,GBP,NIMOB,46110026,93-86-07,Main Current Account
2026-04-07,NIMO ENERGY,-74.41,35154.33,GBP,NIMOB,46110026,93-86-07,Main Current Account
2026-04-07,SAINSBURY STORE,-8.11,35146.22,GBP,NIMOB,46110026,93-86-07,Main Current Account
2026-04-09,GYM MEMBERSHIP,-30.58,35115.64,GBP,NIMOB,46110026,93-86-07,Main Current Account
2026-04-09,TFL RAIL TRAVEL,-9.4,35106.24,GBP,NIMOB,46110026,93-86-07,Main Current Account
2026-04-10,VIDEO STREAMING,-8.15,35098.09,GBP,NIMOB,46110026,93-86-07,Main Current Account
2026-04-10,ALDI GROCERIES,-15.99,35082.1,GBP,NIMOB,46110026,93-86-07,Main Current Account
2026-04-12,CITY TAXI,-12.55,35069.55,GBP,NIMOB,46110026,93-86-07,Main Current Account
2026-04-13,ALDI GROCERIES,-67.53,35002.02,GBP,NIMOB,46110026,93-86-07,Main Current Account
2026-04-13,TFL BUS JOURNEY,-1.79,35000.23,GBP,NIMOB,46110026,93-86-07,Main Current Account
2026-04-13,TFL BUS JOURNEY,-1.79,34998.44,GBP,NIMOB,46110026,93-86-07,Main Current Account
2026-04-14,TFL BUS JOURNEY,-1.79,34996.65,GBP,NIMOB,46110026,93-86-07,Main Current Account
2026-04-14,TFL BUS JOURNEY,-1.79,34994.86,GBP,NIMOB,46110026,93-86-07,Main Current Account
2026-04-15,CONTRACT PAY,594.35,35589.21,GBP,NIMOB,46110026,93-86-07,Main Current Account
2026-04-15,CITY WATER,-33.3,35555.91,GBP,NIMOB,46110026,93-86-07,Main Current Account
2026-04-16,NEWS MEMBERSHIP,-8.67,35547.24,GBP,NIMOB,46110026,93-86-07,Main Current Account
2026-04-16,SAINSBURY STORE,-81.64,35465.6,GBP,NIMOB,46110026,93-86-07,Main Current Account
2026-04-17,TFL BUS JOURNEY,-1.79,35463.81,GBP,NIMOB,46110026,93-86-07,Main Current Account
2026-04-17,TFL BUS JOURNEY,-1.79,35462.02,GBP,NIMOB,46110026,93-86-07,Main Current Account
2026-04-18,LIDL MARKET,-46.65,35415.37,GBP,NIMOB,46110026,93-86-07,Main Current Account
2026-04-18,ONLINE SHOP,-57.32,35358.05,GBP,NIMOB,46110026,93-86-07,Main Current Account
2026-04-20,BROADBAND SERVICE,-26.09,35331.96,GBP,NIMOB,46110026,93-86-07,Main Current Account
2026-04-21,TFL BUS JOURNEY,-1.79,35330.17,GBP,NIMOB,46110026,93-86-07,Main Current Account
2026-04-21,TFL BUS JOURNEY,-1.79,35328.38,GBP,NIMOB,46110026,93-86-07,Main Current Account
2026-04-22,CONTRACT PAY,303.11,35631.49,GBP,NIMOB,46110026,93-86-07,Main Current Account
2026-04-22,MOBILE NETWORK,-22.53,35608.96,GBP,NIMOB,46110026,93-86-07,Main Current Account
2026-04-22,TFL RAIL TRAVEL,-6.54,35602.42,GBP,NIMOB,46110026,93-86-07,Main Current Account
2026-04-23,TFL RAIL TRAVEL,-3.27,35599.15,GBP,NIMOB,46110026,93-86-07,Main Current Account
2026-04-24,TFL BUS JOURNEY,-1.79,35597.36,GBP,NIMOB,46110026,93-86-07,Main Current Account
2026-04-24,TFL BUS JOURNEY,-1.79,35595.57,GBP,NIMOB,46110026,93-86-07,Main Current Account
2026-04-25,ALDI GROCERIES,-30.19,35565.38,GBP,NIMOB,46110026,93-86-07,Main Current Account
2026-04-25,ELECTRONICS STORE,-33.09,35532.29,GBP,NIMOB,46110026,93-86-07,Main Current Account
2026-04-27,TRANSFER TO SAVINGS,-595.26,34937.03,GBP,NIMOB,46110026,93-86-07,Main Current Account
2026-04-28,CONTRACT PAY,72.65,35009.68,GBP,NIMOB,46110026,93-86-07,Main Current Account
2026-04-29,TFL RAIL TRAVEL,-4.7,35004.98,GBP,NIMOB,46110026,93-86-07,Main Current Account
2026-05-01,HOME RENT PAYMENT,-741.26,34263.72,GBP,NIMOB,46110026,93-86-07,Main Current Account
2026-05-02,LIDL MARKET,-97.03,34166.69,GBP,NIMOB,46110026,93-86-07,Main Current Account
2026-05-02,CITY DEPARTMENT STORE,-64.33,34102.36,GBP,NIMOB,46110026,93-86-07,Main Current Account
2026-05-03,ALDI GROCERIES,-30.14,34072.22,GBP,NIMOB,46110026,93-86-07,Main Current Account
2026-05-03,LIDL MARKET,-22.12,34050.1,GBP,NIMOB,46110026,93-86-07,Main Current Account
2026-05-04,TFL RAIL TRAVEL,-4.7,34045.4,GBP,NIMOB,46110026,93-86-07,Main Current Account
2026-05-05,TFL BUS JOURNEY,-1.79,34043.61,GBP,NIMOB,46110026,93-86-07,Main Current Account
2026-05-05,TFL BUS JOURNEY,-1.79,34041.82,GBP,NIMOB,46110026,93-86-07,Main Current Account
2026-05-06,SAINSBURY STORE,-58.36,33983.46,GBP,NIMOB,46110026,93-86-07,Main Current Account
2026-05-06,TFL BUS JOURNEY,-1.79,33981.67,GBP,NIMOB,46110026,93-86-07,Main Current Account
2026-05-06,TFL BUS JOURNEY,-1.79,33979.88,GBP,NIMOB,46110026,93-86-07,Main Current Account
2026-05-07,NIMO ENERGY,-92.07,33887.81,GBP,NIMOB,46110026,93-86-07,Main Current Account
2026-05-07,TFL BUS JOURNEY,-1.79,33886.02,GBP,NIMOB,46110026,93-86-07,Main Current Account
2026-05-07,TFL BUS JOURNEY,-1.79,33884.23,GBP,NIMOB,46110026,93-86-07,Main Current Account
2026-05-08,TFL BUS JOURNEY,-1.79,33882.44,GBP,NIMOB,46110026,93-86-07,Main Current Account
2026-05-08,TFL BUS JOURNEY,-1.79,33880.65,GBP,NIMOB,46110026,93-86-07,Main Current Account
2026-05-09,GYM MEMBERSHIP,-30.6,33850.05,GBP,NIMOB,46110026,93-86-07,Main Current Account
2026-05-10,VIDEO STREAMING,-8.15,33841.9,GBP,NIMOB,46110026,93-86-07,Main Current Account
2026-05-10,TESCO SUPERMARKET,-23.7,33818.2,GBP,NIMOB,46110026,93-86-07,Main Current Account
2026-05-11,TFL BUS JOURNEY,-1.79,33816.41,GBP,NIMOB,46110026,93-86-07,Main Current Account
2026-05-11,TFL BUS JOURNEY,-1.79,33814.62,GBP,NIMOB,46110026,93-86-07,Main Current Account
2026-05-12,FREELANCE CREDIT,324.81,34139.43,GBP,NIMOB,46110026,93-86-07,Main Current Account
2026-05-13,ALDI GROCERIES,-73.82,34065.61,GBP,NIMOB,46110026,93-86-07,Main Current Account
2026-05-13,TFL BUS JOURNEY,-1.79,34063.82,GBP,NIMOB,46110026,93-86-07,Main Current Account
2026-05-13,TFL BUS JOURNEY,-1.79,34062.03,GBP,NIMOB,46110026,93-86-07,Main Current Account
2026-05-14,TFL RAIL TRAVEL,-3.27,34058.76,GBP,NIMOB,46110026,93-86-07,Main Current Account
2026-05-15,CLIENT INVOICE PAYMENT,484.88,34543.64,GBP,NIMOB,46110026,93-86-07,Main Current Account
2026-05-15,CONTRACT PAY,486.6,35030.24,GBP,NIMOB,46110026,93-86-07,Main Current Account
2026-05-15,CITY WATER,-35.74,34994.5,GBP,NIMOB,46110026,93-86-07,Main Current Account
2026-05-16,NEWS MEMBERSHIP,-8.67,34985.83,GBP,NIMOB,46110026,93-86-07,Main Current Account
2026-05-18,TFL BUS JOURNEY,-1.79,34984.04,GBP,NIMOB,46110026,93-86-07,Main Current Account
2026-05-18,TFL BUS JOURNEY,-1.79,34982.25,GBP,NIMOB,46110026,93-86-07,Main Current Account
2026-05-19,SAINSBURY STORE,-16.28,34965.97,GBP,NIMOB,46110026,93-86-07,Main Current Account
2026-05-20,BROADBAND SERVICE,-23.98,34941.99,GBP,NIMOB,46110026,93-86-07,Main Current Account
2026-05-21,TFL BUS JOURNEY,-1.79,34940.2,GBP,NIMOB,46110026,93-86-07,Main Current Account
2026-05-21,TFL BUS JOURNEY,-1.79,34938.41,GBP,NIMOB,46110026,93-86-07,Main Current Account
2026-05-22,MOBILE NETWORK,-21.19,34917.22,GBP,NIMOB,46110026,93-86-07,Main Current Account
2026-05-22,CITY RESTAURANT,-14.28,34902.94,GBP,NIMOB,46110026,93-86-07,Main Current Account
2026-05-22,TFL BUS JOURNEY,-1.79,34901.15,GBP,NIMOB,46110026,93-86-07,Main Current Account
2026-05-22,TFL BUS JOURNEY,-1.79,34899.36,GBP,NIMOB,46110026,93-86-07,Main Current Account
2026-05-25,TFL BUS JOURNEY,-1.79,34897.57,GBP,NIMOB,46110026,93-86-07,Main Current Account
2026-05-25,TFL BUS JOURNEY,-1.79,34895.78,GBP,NIMOB,46110026,93-86-07,Main Current Account
2026-05-26,TFL BUS JOURNEY,-1.79,34893.99,GBP,NIMOB,46110026,93-86-07,Main Current Account
2026-05-26,TFL BUS JOURNEY,-1.79,34892.2,GBP,NIMOB,46110026,93-86-07,Main Current Account
2026-05-27,CONTRACT PAY,283.54,35175.74,GBP,NIMOB,46110026,93-86-07,Main Current Account
2026-05-27,TFL RAIL TRAVEL,-6.55,35169.19,GBP,NIMOB,46110026,93-86-07,Main Current Account
2026-05-29,TFL BUS JOURNEY,-1.79,35167.4,GBP,NIMOB,46110026,93-86-07,Main Current Account
2026-05-29,TFL BUS JOURNEY,-1.79,35165.61,GBP,NIMOB,46110026,93-86-07,Main Current Account
2026-05-30,SAINSBURY STORE,-63.59,35102.02,GBP,NIMOB,46110026,93-86-07,Main Current Account
2026-06-01,HOME RENT PAYMENT,-742.27,34359.75,GBP,NIMOB,46110026,93-86-07,Main Current Account
2026-06-02,TFL RAIL TRAVEL,-6.55,34353.2,GBP,NIMOB,46110026,93-86-07,Main Current Account
2026-06-03,TFL BUS JOURNEY,-1.79,34351.41,GBP,NIMOB,46110026,93-86-07,Main Current Account
2026-06-03,TFL BUS JOURNEY,-1.79,34349.62,GBP,NIMOB,46110026,93-86-07,Main Current Account
2026-06-05,TFL RAIL TRAVEL,-4.71,34344.91,GBP,NIMOB,46110026,93-86-07,Main Current Account
2026-06-06,CITY RESTAURANT,-29.48,34315.43,GBP,NIMOB,46110026,93-86-07,Main Current Account
2026-06-07,NIMO ENERGY,-83.55,34231.88,GBP,NIMOB,46110026,93-86-07,Main Current Account
2026-06-07,TESCO SUPERMARKET,-132.52,34099.36,GBP,NIMOB,46110026,93-86-07,Main Current Account
2026-06-08,TFL BUS JOURNEY,-1.79,34097.57,GBP,NIMOB,46110026,93-86-07,Main Current Account
2026-06-08,TFL BUS JOURNEY,-1.79,34095.78,GBP,NIMOB,46110026,93-86-07,Main Current Account
2026-06-09,GYM MEMBERSHIP,-30.62,34065.16,GBP,NIMOB,46110026,93-86-07,Main Current Account
2026-06-09,SAINSBURY STORE,-22.86,34042.3,GBP,NIMOB,46110026,93-86-07,Main Current Account
2026-06-09,TFL BUS JOURNEY,-1.79,34040.51,GBP,NIMOB,46110026,93-86-07,Main Current Account
2026-06-09,TFL BUS JOURNEY,-1.79,34038.72,GBP,NIMOB,46110026,93-86-07,Main Current Account
2026-06-10,VIDEO STREAMING,-8.16,34030.56,GBP,NIMOB,46110026,93-86-07,Main Current Account
2026-06-10,TESCO SUPERMARKET,-80.96,33949.6,GBP,NIMOB,46110026,93-86-07,Main Current Account
2026-06-11,DELIVEROO TAKEAWAY,-11.87,33937.73,GBP,NIMOB,46110026,93-86-07,Main Current Account
2026-06-11,TFL BUS JOURNEY,-1.79,33935.94,GBP,NIMOB,46110026,93-86-07,Main Current Account
2026-06-11,TFL BUS JOURNEY,-1.79,33934.15,GBP,NIMOB,46110026,93-86-07,Main Current Account
2026-06-15,CITY WATER,-30.67,33903.48,GBP,NIMOB,46110026,93-86-07,Main Current Account
2026-06-15,TFL BUS JOURNEY,-1.79,33901.69,GBP,NIMOB,46110026,93-86-07,Main Current Account
2026-06-15,TFL BUS JOURNEY,-1.79,33899.9,GBP,NIMOB,46110026,93-86-07,Main Current Account
2026-06-16,CLIENT INVOICE PAYMENT,332.33,34232.23,GBP,NIMOB,46110026,93-86-07,Main Current Account
2026-06-16,NEWS MEMBERSHIP,-8.68,34223.55,GBP,NIMOB,46110026,93-86-07,Main Current Account
2026-06-17,TFL BUS JOURNEY,-1.79,34221.76,GBP,NIMOB,46110026,93-86-07,Main Current Account
2026-06-17,TFL BUS JOURNEY,-1.79,34219.97,GBP,NIMOB,46110026,93-86-07,Main Current Account
2026-06-17,CITY DEPARTMENT STORE,-30.14,34189.83,GBP,NIMOB,46110026,93-86-07,Main Current Account
2026-06-18,TFL RAIL TRAVEL,-4.71,34185.12,GBP,NIMOB,46110026,93-86-07,Main Current Account
2026-06-19,TFL RAIL TRAVEL,-3.28,34181.84,GBP,NIMOB,46110026,93-86-07,Main Current Account
2026-06-19,LOCAL PHARMACY,-17.65,34164.19,GBP,NIMOB,46110026,93-86-07,Main Current Account
2026-06-20,BROADBAND SERVICE,-25.64,34138.55,GBP,NIMOB,46110026,93-86-07,Main Current Account
2026-06-20,LOCAL CAFE,-19.5,34119.05,GBP,NIMOB,46110026,93-86-07,Main Current Account
2026-06-21,TESCO SUPERMARKET,-27.46,34091.59,GBP,NIMOB,46110026,93-86-07,Main Current Account
2026-06-22,MOBILE NETWORK,-22.3,34069.29,GBP,NIMOB,46110026,93-86-07,Main Current Account
2026-06-22,TFL RAIL TRAVEL,-9.42,34059.87,GBP,NIMOB,46110026,93-86-07,Main Current Account
2026-06-23,TFL BUS JOURNEY,-1.79,34058.08,GBP,NIMOB,46110026,93-86-07,Main Current Account
2026-06-23,TFL BUS JOURNEY,-1.79,34056.29,GBP,NIMOB,46110026,93-86-07,Main Current Account
2026-06-26,CONTRACT PAY,380.09,34436.38,GBP,NIMOB,46110026,93-86-07,Main Current Account
2026-06-26,TFL BUS JOURNEY,-1.79,34434.59,GBP,NIMOB,46110026,93-86-07,Main Current Account
2026-06-26,TFL BUS JOURNEY,-1.79,34432.8,GBP,NIMOB,46110026,93-86-07,Main Current Account
2026-06-27,CITY RESTAURANT,-24.14,34408.66,GBP,NIMOB,46110026,93-86-07,Main Current Account
2026-06-27,TRANSFER TO SAVINGS,-437.28,33971.38,GBP,NIMOB,46110026,93-86-07,Main Current Account
2026-06-28,LIDL MARKET,-59.94,33911.44,GBP,NIMOB,46110026,93-86-07,Main Current Account
2026-07-01,HOME RENT PAYMENT,-743.26,33168.18,GBP,NIMOB,46110026,93-86-07,Main Current Account
2026-07-01,TFL BUS JOURNEY,-1.79,33166.39,GBP,NIMOB,46110026,93-86-07,Main Current Account
2026-07-01,TFL BUS JOURNEY,-1.79,33164.6,GBP,NIMOB,46110026,93-86-07,Main Current Account
2026-07-03,TFL RAIL TRAVEL,-4.71,33159.89,GBP,NIMOB,46110026,93-86-07,Main Current Account
2026-07-04,SAINSBURY STORE,-60.86,33099.03,GBP,NIMOB,46110026,93-86-07,Main Current Account
2026-07-05,SAINSBURY STORE,-33.97,33065.06,GBP,NIMOB,46110026,93-86-07,Main Current Account
2026-07-05,CITY TAXI,-12.66,33052.4,GBP,NIMOB,46110026,93-86-07,Main Current Account
2026-07-07,NIMO ENERGY,-69.45,32982.95,GBP,NIMOB,46110026,93-86-07,Main Current Account
2026-07-07,ALDI GROCERIES,-22.99,32959.96,GBP,NIMOB,46110026,93-86-07,Main Current Account
2026-07-07,TFL BUS JOURNEY,-1.79,32958.17,GBP,NIMOB,46110026,93-86-07,Main Current Account
2026-07-07,TFL BUS JOURNEY,-1.79,32956.38,GBP,NIMOB,46110026,93-86-07,Main Current Account
2026-07-09,GYM MEMBERSHIP,-30.64,32925.74,GBP,NIMOB,46110026,93-86-07,Main Current Account
2026-07-09,CITY RESTAURANT,-22.03,32903.71,GBP,NIMOB,46110026,93-86-07,Main Current Account
2026-07-09,TFL BUS JOURNEY,-1.79,32901.92,GBP,NIMOB,46110026,93-86-07,Main Current Account
2026-07-09,TFL BUS JOURNEY,-1.79,32900.13,GBP,NIMOB,46110026,93-86-07,Main Current Account
2026-07-10,VIDEO STREAMING,-8.16,32891.97,GBP,NIMOB,46110026,93-86-07,Main Current Account
2026-07-10,TFL BUS JOURNEY,-1.79,32890.18,GBP,NIMOB,46110026,93-86-07,Main Current Account
2026-07-10,TFL BUS JOURNEY,-1.79,32888.39,GBP,NIMOB,46110026,93-86-07,Main Current Account
2026-07-13,CLIENT INVOICE PAYMENT,258.58,33146.97,GBP,NIMOB,46110026,93-86-07,Main Current Account
2026-07-13,TFL BUS JOURNEY,-1.79,33145.18,GBP,NIMOB,46110026,93-86-07,Main Current Account
2026-07-13,TFL BUS JOURNEY,-1.79,33143.39,GBP,NIMOB,46110026,93-86-07,Main Current Account
2026-07-14,CLIENT INVOICE PAYMENT,501.2,33644.59,GBP,NIMOB,46110026,93-86-07,Main Current Account
2026-07-15,CITY WATER,-32.09,33612.5,GBP,NIMOB,46110026,93-86-07,Main Current Account
2026-07-15,TFL BUS JOURNEY,-1.79,33610.71,GBP,NIMOB,46110026,93-86-07,Main Current Account
2026-07-15,TFL BUS JOURNEY,-1.79,33608.92,GBP,NIMOB,46110026,93-86-07,Main Current Account
2026-07-16,NEWS MEMBERSHIP,-8.69,33600.23,GBP,NIMOB,46110026,93-86-07,Main Current Account
2026-07-17,TFL BUS JOURNEY,-1.79,33598.44,GBP,NIMOB,46110026,93-86-07,Main Current Account
2026-07-17,TFL BUS JOURNEY,-1.79,33596.65,GBP,NIMOB,46110026,93-86-07,Main Current Account
2026-07-18,LIDL MARKET,-17.17,33579.48,GBP,NIMOB,46110026,93-86-07,Main Current Account
2026-07-18,CITY TAXI,-14.53,33564.95,GBP,NIMOB,46110026,93-86-07,Main Current Account
2026-07-18,LOCAL PHARMACY,-14.31,33550.64,GBP,NIMOB,46110026,93-86-07,Main Current Account
2026-07-20,BROADBAND SERVICE,-24.38,33526.26,GBP,NIMOB,46110026,93-86-07,Main Current Account
2026-07-21,CONTRACT PAY,354.69,33880.95,GBP,NIMOB,46110026,93-86-07,Main Current Account
2026-07-21,TFL RAIL TRAVEL,-4.71,33876.24,GBP,NIMOB,46110026,93-86-07,Main Current Account
2026-07-22,CLIENT INVOICE PAYMENT,181.73,34057.97,GBP,NIMOB,46110026,93-86-07,Main Current Account
2026-07-22,FREELANCE CREDIT,861.61,34919.58,GBP,NIMOB,46110026,93-86-07,Main Current Account
2026-07-22,MOBILE NETWORK,-21.03,34898.55,GBP,NIMOB,46110026,93-86-07,Main Current Account
2026-07-22,TFL RAIL TRAVEL,-4.71,34893.84,GBP,NIMOB,46110026,93-86-07,Main Current Account
2026-07-23,TFL BUS JOURNEY,-1.79,34892.05,GBP,NIMOB,46110026,93-86-07,Main Current Account
2026-07-23,TFL BUS JOURNEY,-1.79,34890.26,GBP,NIMOB,46110026,93-86-07,Main Current Account
2026-07-24,FREELANCE CREDIT,454.89,35345.15,GBP,NIMOB,46110026,93-86-07,Main Current Account
2026-07-24,NEIGHBOURHOOD PUB,-19.54,35325.61,GBP,NIMOB,46110026,93-86-07,Main Current Account
2026-07-25,ALDI GROCERIES,-37.05,35288.56,GBP,NIMOB,46110026,93-86-07,Main Current Account
2026-07-25,ONLINE SHOP,-69.79,35218.77,GBP,NIMOB,46110026,93-86-07,Main Current Account
2026-07-27,CONTRACT PAY,1146.59,36365.36,GBP,NIMOB,46110026,93-86-07,Main Current Account
2026-07-27,TFL BUS JOURNEY,-1.79,36363.57,GBP,NIMOB,46110026,93-86-07,Main Current Account
2026-07-27,TFL BUS JOURNEY,-1.79,36361.78,GBP,NIMOB,46110026,93-86-07,Main Current Account
2026-07-27,TRANSFER TO SAVINGS,-555.83,35805.95,GBP,NIMOB,46110026,93-86-07,Main Current Account
2026-07-28,TFL RAIL TRAVEL,-9.43,35796.52,GBP,NIMOB,46110026,93-86-07,Main Current Account
2026-07-30,DELIVEROO TAKEAWAY,-14.42,35782.1,GBP,NIMOB,46110026,93-86-07,Main Current Account
2026-07-31,LIDL MARKET,-69.55,35712.55,GBP,NIMOB,46110026,93-86-07,Main Current Account
2026-07-31,TFL BUS JOURNEY,-1.79,35710.76,GBP,NIMOB,46110026,93-86-07,Main Current Account
2026-07-31,TFL BUS JOURNEY,-1.79,35708.97,GBP,NIMOB,46110026,93-86-07,Main Current Account
